tweet;jk
hARUS LIAT INI Loudly crying face Loudly crying face @_yeahea;p
udah ngetik kalimat panjang panjang buat nyemangatin orang lain, tapi aku juga yang nangis;p
Tuhan memang satu kita yang tak sama;p
kenapa y dari dulu kalo ak suka sama cowo pasti beberapa waktu kedepan cowo itu bakal satu squad sama ak... terus pas udh deket gt krn sering ngumpul malah jd nga suka lagi... dah berkali kali ak kaya gini hiks;p
aku sama adek ak nga save kontak masing masing.. jadi kalau butuh ngechatna pake hp mama atau kalau lagi nga sama mama, chat ke nomor mama baru mama sampein kesalah satu dari kita... heum ribet juga..;p
kalau aku yang ada disitu pasti udah sesek napas.... bayanginnya udah tenggelem aja:(;p
YA ALLAH CHANBAEKLoudly crying face;p
kau hancurkan aku dengan sikapmu;p
lo pake aja deh tuh masker sebadan badan https://twitter.com/penyembahseblak/status/1234380515001528320;p
mau rewatch harry potter tapi gue baru kelar nonton semua seriesnya malem minggu kemarin hftttt;p
everyone pls stay safe! jangan lupa jaga kebersihan, cuci tangan, pakai masker huhuLoudly crying face?;p
MUNGIL BGT YA ALLAH GUMUSHIEEE;p
mau ganti uname yang ada unsur chonbike nya deh.....;p
Saatnya berbagi masker GRATIS! Share info ini ke temanmu sekarang! https://play.shopee.co.id/share?share=universal-link/stamp/739?invite=JFBL11hrCxB1iQCPoMi5y4NNsEymjylg5HB1rz4ocA%3D%3D;p
TERGEMASH 2020Loudly crying faceLoudly crying faceLoudly crying faceLoudly crying face;p
kANGEN DATENG EVENT GA SIH????? YUK YUK YUKKKKLoudly crying faceLoudly crying faceLoudly crying faceLoudly crying face @_yeahea;p
aduh ngga tau deh gue pusing, walaupun bukan univ yang gue mau tapi nga tau pusing aja..... :(;p
kangen exo......... Loudly crying faceLoudly crying faceLoudly crying faceLoudly crying faceLoudly crying face;p
SSSANGAT BERHARAP CANDY CRUSH MENGELUARKAN HD NYA JSHIKSHS MENANGIS YA ALLAH KAYA BARBIELoudly crying faceLoudly crying faceLoudly crying faceLoudly crying faceLoudly crying faceLoudly crying faceLoudly crying faceLoudly crying faceLoudly crying face;p
KOK AKU BARU LIAT? ATAU EMANG BARU DI KELUARIN INI VIDEO??????;p
kamu ips bukann;p
tbh aku belum ganti baju tapi udah mandi sihhh tapi aku masih maskeran sembari twitteran aw ap tida usah sekula yah;p
AAAAAA INI HUJANNYA MAKIN DERAS BAGAIMANA CARAKU KE SEKOLAH;p
terus yang 3 itu dikali juga atau gimana yaa? -s ;p
yaampun sakit banget itu pasti.. mau nangis..;p
AAAAAA SENENG BINGBING, MAACI MINN!! Smiling face with 3 heartsSmiling face with 3 heartsSmiling face with 3 hearts;p
suho solo tuh salah satu yang gue tunggu tunggu banget! huhu let's support our leader! <33 #SUHO_IS_COMING #SUHO_SOLO #SUHO_BEST_LEADER;p
sebel sih kalau masih caper dengan cara meninggal...... lo pikir itu lucu ya?:(;p
YA ALLAH MALAH MAMA KU YANG NGOMONG KAYA GINI KE AKU. ;p
baru sadar pengeluaran gue dikelas 12 banyak banget ternyata..... dan mostly untuk hal hal yang ngga terlalu penting. nangis sekenceng kencengnya.;p
btw rambut chanyeol tuh pernah kaya gini juga kan sebelumnya??? yang warna itemm hiks:((( ada yang punya fotona ngga??? mauuuuu:(;p
ngakak bgt kmrn mana niee yang bilang cbhs sakit jiwa???? aw mlu bnget,,,;p
mUnGKin bErCaNdA,,,,;p
wkwk benci bgt blm jg kelar;p
kalau mau nge-compare ya satu satu dong, let's say exo vs dream or exo vs 127. kalau lo bawa bawa unit lain gitu, lo pikir kita nga berani bawa bawa unit lain? liat foto yang gue lampirin sini, pusing ngga lo? ;p
knp jd ak yg mau nngis;p
disuruh pasang indihome nanti @narendraarya21;p
gue mau baca threadnya lupa trs:(((;p
terus udah kaya gini masih ada aja tim pro yang nge drag tim kontra HAHAHAHAHAHA BODOOOOOH;p
selama haid gue ga perna ngerasa sesakit ini..;p
sakitnya sakit bgt gsjsh sampe yg bener bener nangis:(;p
ya Allah semoga ak jodoh sama tetangga ganteng ku,,, :(;p
emosi soalna ak dah ngitung senduri trs dah percaya diri bgt;p
bbbener!!! tapi kadang bagus sih jurnalnya ;p
kaya merasa bodoh banget gatau pencet apa tiba tiba cek galeri bener bener kosong..;p
cara balikin foto yang kehapus gimana...;p
tebak siapa yang lagi nangis?;p
gsksgsk kakak lo nip akhirnya ada yang spill juga @_yeahea;p
emang paling enak sambat di akun kosongan;p
babi, gue kesel banget bacanya.... kalo nga suka ya tinggal block aja anjir pake ngatain jelek segala. heran. https://twitter.com/fallinforsoo/status/1227534364663173121;p
Bismillah konsum cuma 5 orang termasuk gw;p
Ntar w nyiped anak perkap or sponsor sj kalo kelabakan;p
Mama w sweet banget si huhu monangos;p
Gabole homesick de. Baru juga sebulan;p
Etapi homesick tandanya w masi inget rumah kan?masi tida durhaka:(;p
Tau ga si rek, aku ngerasa kalo aku terlalu maksain diriku sendiri di semester ini;p
Alias pusing ya Allah ini akademikku gimana;p
Bingung mau makan apaan:(;p
Dah w mau hibernasi besok;p
Sebulan ga pulang capek ya gaes;p
Capek pikiran;p
Jaya banget baru bangun jam segini padahal kelas jam set 7;p
Eh set 8 deng alhamdulillah;p
Mau ini mau ini mau ini;p
Kenapa y aku minum obat bukannya ngantuk tapi malah melek;p
Btw sumpa baru dijogja aku nemu orang bikin telor kayak telor ceplok iya kayak telor dadar juga iya;p
Apa tida nangis catetan kalkulus ilang satu subbab;p
Alhamdulillah tiba tiba ada orang yang bayar utang dia ke gw Padal gw aja baru inget dia ngutang pas dia njelasin maksud dan tujuannya minta norek :');p
Dahla w tidur sj kali y;p
Keselek kok sama obat;p
Aku merasa tengah mengacaukan ip semester 2 ku sendiri;p
Dari beratus-ratus anak kimia angkatan 2 tahun terakhir, yang daftar cuma duuikit under 100 orang untuk acara sebesar itu :(;p
W lupa namanya astaghfirullah filtrasi bukan;p
W baru maem setengah aja uda kenyang woi Loudly crying face;p
Gapapa ratin hari jumat, gapapa ratin hari jumat?;p
Ada waktu hari jumat libur di april, awas saja kalo ada rapat y pas itu6Loudly crying face;p
Akhirnya bisa beli blengerr lagi astaga seneng;p
Ya Allah w sayang anak litbang pada peduli sama wLoudly crying faceLoudly crying faceLoudly crying face;p
Kangen rumah anjyrla;p
Pls jangan ratin jumat gw mau pulangLoudly crying faceLoudly crying faceLoudly crying faceLoudly crying face;p
Monmaap, ngilangin homesick gimana y;p
Ni anak tiap aku vc sama ibu mesti nongol terus deh napa dah Loudly crying faceLoudly crying face;p
Tuh ges, kata siapa politeknik itu jelek? Lah labnya ada yang isi apel semua;p
es krim > nasi buat sarapan;p
nyemangatin orang tapi sendirinya udah ga karuan.;p
terimakasih banyak kak @Zhr_amelia Semangat juga PTS nya, semoga dilancarin semuanya, mau bilang juga, kalo capek ya istirahat dulu. jangan lupa juga, sampein ke diri sendiri, kalo ka ara pasti bisa! Semangat melanjutkan hidup!!???;p
Ya Allah indihome kenapa sih jam segini selalu ngandet ngandet gini. dari tadi streaming film ga jalan trs. kesel.;p
aiiih jadi pengen kebabLoudly crying face;p
yaila, udah mau weekday ajaLoudly crying face;p
emang salah satu hal yang bisa bikin lupa sama masalah cuma drakor;p
akhirnya ya balik ke akun ini.;p
Baca artikelnya aja udah ngeri sendiri sih.;p
Maaciw sayang aquw @EstriUtami_ dan @teretetetetet udah ibeliin sang pisangnya @kaesangp Loudly crying faceOk hand;p
Akhirnya kumpul berempat dan hujan gak pernah absen:)) dengan obrolan Womaneh ikan yg mempunyai ekor listrik itu ikan pari Girlbukan, ubur2 lah. Iya gak?Woman, red hairedGatau, gak ada kunci jawabannya cuyBeberapa saat kemudian menemukan ternyata ada dibawah:));p
"Lalu diikuti ""ada di indomaret, mau dipake malam ini emang?"" dan ada yg tiba2 nyahut ""nyari paan sih? Kndm?"" :))) Padahal lagi ngomongin beauty blender zzz";p
Tolong awet2 sama aku, janji gabakal taroh sembarangan dan bikin kamu pecah.;p
Udah beli untuk yg ketiga kalinya, mana susah banget dicari. Terus sekarang kalo beli gacuma ada cermin, ada temennya juga. Kalo pecah lagi masa aku ngoleksi pinsetFace with rolling eyes;p
Pusing banget tumbler kemasukan air, mana SUSAH BANGET dibuka!! Nyari2 digoogle yutub juga caranya gak nemu2. Akhirnya ku iseng teteskan minyak telon disela2 nya, diamin bentar terus bisa kebuka dooongOk hand;p
Ke perpus univ, 25% nyari referensi, sisanya gosip.;p
Ketawa dong akutu nonton ini:(( ini apa karna terlalu receh atau efek habis dari ruangan biro skripsi tadi ya.....;p
Baru disini udah pusing aja akutu hhh;p
Tapi snap 4x Selai stroberi Bola apa tebak snap 2x Susu siapa snap 1x Bibir merah snap 1x Cerai aja snap 1x gerah uy snap 1x korengggg ???;p
yaallah mau kuliah di ub :(;p
HAHAHHAA palagi nangis kenceng bgt tantrum;p
nenek w dritd nyetelin indosiar w yg dgerin aje kesel anjg ini siapasi sutradara ny hah;p
tai amat daritadi ngakakin ginian kakwowwkowwkwk;p
heran deh knp sih org2 suka banget daftar bginian nunggu mepett tanggal penutupan trs giliran error bingung sendiriii;p
sedih dan akan selalu sedihh;p
ayo bisaaaa tinggal 3 minggu lgggggggg;p
cape bgt monangis;p
kg modal bgt idup dari barang sitaanConfounded face;p
siapa anjing yg mw ngeborong masker 307 box https://twitter.com/penyembahseblak/status/1234422680478085121;p
bangst kenapa mak2 cina sih wkakwkakakwkwkwkw ;p
hadeh org2 pada knp si hah;p
ko ada ya org mandi ga bawa hp;p
besok pake seragam apa tololClown faceClown faceClown face;p
ak klo pke almet ub;p
tp boong soalny gjdPensive facePensive facePensive facePensive facePensive facePensive facePensive facePensive facePensive face;p
ajg bgt mana belom nge stock maskerAngry faceAngry faceAngry face;p
what if u want to sleep but kisi2 pat sejarah said no;p
u mikir gaksi kalo anak u blom makan hah nasi diabisin gt aja????????? iyy w bisa masak lg / beli di warteg tp sbg bapak masa gada pikiran sii???? atleast nanya gt haa????;p
punya bapak gaguna bgt sialan;p
au deh yg kyk gini disebutnya pamrih atau kgClown face;p
cape gaksi u dah ngasi energi full ke org tp dibales setengahnya doang;p
klo org cuma bisa kasih w setengah knp w harus kasih full ke org??;p
sebenernya gw kayak gini ke org tp apa org itu nanti sebegini nya jg sama gw? haaaa???;p
bisa2 nya w nulis kayak ginian di fesbuk;p
kalo w mati masih aja nyusahin org huft;p
ngadep kanan sambil nangis;p
nangis gak u baca rep nya wkwkwkwkwkwkwkwkwwkkwkw;p
tidur ajade sukur2 ga bgun lg;p
sayang banget gangerti lg....;p
pernah bantuin temen gw (mantan dia) buat nagihin duit grgr temen gw gada duit samsekk terus si anjing ini ga bayar2 malah ngeghosting padahal dia ngutang ama temen gwFace with symbols over mouthFace with symbols over mouth https://twitter.com/strawwwbucksss/status/1231486892346167296;p
ularnya knp dipegangin pak,,;p
dri kmarennn sedih bgttt klo liat logo ub atau apapun ttg ub;p
astagfirullahaladzim beli barang 30rb ongkirnya 40rb;p
gpp uang bisa ada lagi;p
gapernah tertarik ke stanFace with hand over mouthFace with hand over mouthFace with hand over mouthFace with hand over mouth;p
baru kali ini pengen muntah grgr sabun colek;p
siapa yg ngubah jam sadhour w jd sam segini sih hah;p
w pramuka wajib aja setengah mampus nyari cara biar bolos;p
terus aja kayak gini hhhh;p
jidat w gatel bgtttt byk beruntusannnnnn;p
berat banget skrg klo mau ke skola wkwkw;p
sabar lama lama jg bisa ikhlas koPile of poo;p
besok sekolah lagi;p
perempuan bisa renang saat hamil bareng laki-laki;p
makin gede idup makin bangsat gaksi;p
baru 2 minggu ga ketemu udh kangenPerson shrugging??;p
heran ko ada y org yg suka jagung rebus kek gni https://twitter.com/ccigsaftrcryy/status/1230822917367222274;p
Hey jika kalian butuh ak, ak pindah ke @aiurlodeh;p
Kaget. Dosen inggris di sem 1 skrg jadi dosen arab;p
Gue lupa lagi mutual gue disini siapa-siapa aja;p
Kayanya gue bakal aktif disini lagi aja;p
Akun ini mau di hiatusin sampe waktu yang tidak ditentukan nde. Dadah.;p
Pen nyoba beli slogan tapi takut ketagihan :(;p
ANJIR SIAPE NIH;p
sblm tahun baru x1 wajib roty, gamau tau titik https://twitter.com/DMenfess/status/1201806006461726721;p
Sumpah masih nangis Loudly crying face;p
Gue gapernah ngert ini sama sekali cuma ngeliat aja di timeline mulu. Sekarang dapet info mnet disadarkan dari segala kegoblokan anjir ajaib;p
Demi apa gue nangis? Sumpah gue nangis anjir;p
Kalian suka tiba-tiba mau nangis padahal gak tau kenapa alesan mau nangisnya gak sih? Gue lagi begitu sekarang ih kenapa ya? Pensive face;p
Guys mau au dong;p
Mau ikut test ukj padus nyanyi senja senja t** a***** aja kali ya;p
Makanya males nanya teh ah mau jadi introvert aja;p
Hangyul: misi bang Woojin: puter balik atau gue tembak lo Hangyul: et ngape si ni orang? Waras kaga si?;p
Gue malah ngiranya junkyu anjir astaghfirullah sudah sangat terkontaminasi Loudly crying face https://twitter.com/X1STORIES/status/1200327470349611009;p
Suka sama exo nih pasti huh ot12 Pensive face https://twitter.com/DMenfess/status/1200313628731166720;p
Akhirnya nemu au dongpyo yaallah. Gemes bgt plis Loudly crying face ;p
Ow s ada war di timlin. Aku harus memesan pizza agar nikmat menontonnya;p
Samaa. Sejak kecil emang w bucin ilustrasi2 lucu krn ga ada bakat nggambar.;p
Son dongpyo. Umur masih belasan tahun udah bisa ngomong se-mature ini Loudly crying face;p
"Tapi pak, hal ini emang nyata terjadi pas wawancara sama pak sekda jakarta. Jelas2 beliau pas diliput wartawan ttg bajir malah bilang ""Banjir ya dinikmati aja. 70% badan kita kan isinya juga air."" Wa kalo gak liat langsung bakal ngiranya itu di fake-dubbing tapi beneran";p
"Si pakde itu ngomong begitu ya Allah Loudly crying faceLoudly crying faceLoudly crying face Jadi bukan salah media ya kalo itu :"")";p
Seketika kemampuan dalam berlari mengejar kereta meningkat;p
Apalagi kemampuan jalan cepet dan nyalip di tengah kerumuman orang-orang pas pergantian peron;p
Cape bgt punya temen setolil @bayunugs;p
Hobi bgt banjir;p
Pusing benerWoman facepalming;p
Sering terjadi wkwkwkwk;p
Yg begini nih suka bikin kesel orang mau turun malah maksa naikPouting face apalagi kalo di st tanah abang hADEHHH;p
Album dan poster-poster w yang di rumah ternyata kena banjir. Hehe. Trus langsung dibuang hehehehehehe.;p
Mau marah tapi ya gimana pas banjir lagi ga di rumah..trus yg di rumah pasti panik dan ga sempet pindahin semua barang..tapi ya itu dibeli pake duit...;p
Ada untungnya juga ga pulang ke bekasi wkwkwk;p
Ternyata kena banjir jugaFace with rolling eyes;p
Jawaban ter-unpredictableSlightly smiling face Pembicaraan ini sekaligus menjadi misuh-misuh pertama di 2020.;p
Senyumin aja padahal data w belum beresSlightly smiling face ;p
Kenapa bekasi-bandung bisa semacet dan selama ini sih biasanya kalo siang 2 jam juga nyampePouting face;p
Mau trade postcard/photofilm aja sampe diharkosin 2 orang giniWeary face;p
Parah dyandra kacau bgt;p
Lumayan juga hampir 10 tahunThinking face;p
Kalo krl bekasi, boro-boro dapet duduk, bisa masuk aja udah syukur https://twitter.com/ad3laidesky/status/1195284337752559616;p
Besok kuliah bgt nih? Slightly smiling face;p
Ada aja ya kekhilafan yg dilakukan di setiap akhir bulan;p
Nasi goreng pake rendang;p
Tiap hari bgt ya ini makan pempek;p
Pinter bgt emang udah keempat kalinya kartu diblokir;p
Cari kerjaan bgt harus ke xl center lagi, mana jauh bgt;p
Hadeh jamet nyusahin orang aja.;p
"Inget ga sih pas jaman maba gue nanya arti ""po"" ke lo karena gue masih bingung maksudnya apa terus jawaban lo persis kayak yg ada di tweet ini... @monicdionty https://twitter.com/vesuviusvelvet/status/1224768360245686272";p
Gue waktu KKN jam setengah 4 subuh padahal toiletnya literally beda rumah sama tempat gue tidur dan deket kebon pisang:;p
Wisuda kapan baru dapet souvenirnya kapan... Thx bgt Pensive face????;p
Padahal udah dari awal banget nyimak kasus corona outbreak di Korea grgr cult di sana yg ga cooperative dan ternyata masih bisa dibikin kaget sama setiap update-an berita yg ada ????;p
Pengen makan bakso tapi maunya bakso Sony gamau yg lain aaaaaaaaaa :(;p
Cetekan helm gojek kalo ga susah dibuka pasti ada yg salah dari helmnya.;p
Gojek ini sengaja ngasih voucher goride soalnya Jogja lagi sering-seringnya ujan apaya.;p
Yang suka ngeberantakin kotak sampah, pup sembarangan di keset kamar, sibuk berantem (atau kawin?) sama kucing lain, acak-acak rak jemuran, sembunyi di kolong tempat tidur orang, bawa tikus mati ke teras depan kamar dan naik turun tangga all in one form of living thing.;p
Ayam Nelongso doang buset bukan Sutei!!!!!!!!;p
Yang kanan adalah aku dengan nilai aktuator (dan beberapa mata kuliah lainnya).;p
Semoga yg terbaik Slightly frowning faceSlightly frowning faceSlightly frowning face;p
http://J.co udah gaada di gofood solusinya masa harus install grab lagi :(;p
HAHAHAHAHAH LUCU.;p
Pls liat yg pojok kanan atas @pepelaughs;p
Kebumen-Sragen tuh kurang Jawa apa coba.;p
Hadeh pusing deh kalo udah kurusan gini.;p
Kenapa makin hari makin mundur aja sih orang-orang...........;p
Ya ampun selama ini ternyata bukan alergi dinginku yg kambuh, cuma kebetulan lagi nabrak setan ngewe aja Pensive face???? ;p
Dan kalo di burjo masih ditambahin gula lagi.;p
Yang kuning tuh gue kira minute maid pulpy orange... Gataunya minyak...;p
Belom pernah nyobain kailannya tapi kata Almi rasanya kayak ganja.;p
Mau keluar tapi kok mendung :(;p
Ahhh pemerintahan di Pulau Sumatera dengan segala keunikannya Red heart;p
Hari ini untuk pertama kalinya makan mie ayam Tumini terus akhirnya bete sendiri gara-gara sedih gabisa di go-food Disappointed face;p
Bisa-bisanya wifi kosan belum dibayar bapak kos di saat gue blm beli kuota, gaada pulsa sama sekali dan Ciki lagi ga di kosan ????Slightly smiling face;p
Kebodohan grgr baru bangun tidur: mesen go-food McD tapi dari McD Sultan Agung.;p
McD Jakal, McD Sudirman, McD Jombor & McD Malioboro Mall be like:;p
Mau sampe kapan kayak gini Slightly frowning face;p
Gue tuh ngeliatin ini kek lama bgt di depan etalasenya sambil mikir maksudnya apa, ternyata filling.;p
Kenapa ujung-ujungnya nyebut Kennedy Loudly crying face;p
Yang senyumnya lima jari berarti anggota paguyuban Mr. White.;p
Akhirnya nemu menu nasi bebek enak di Jogja Sneezing face;p
"""lur bangun lur... itu td ada manusia lewat. hayu ah malu tidur disini""";p
jd inget kalkulator dimana ya;p
SIAPA INI NGAKU;p
cewek kalo dapet kan seminggu ya lumayan lah kl bete bisa nyalahin hormon kayak mamicipo;p
mimpi gua biasanya ya ketemu uler lah, kecemplung. Mimpi temen gua:;p
alhamdulillah diblock duluan. gua ga tega soalnya, kemaren2 cuma gua mute doang Zany face woakwoakw jd lega;p
sampel lagi banyak banget, semoga lelah kita jadi lillah ya;p
sakit sampe bangun doang kayak energinya abis, pengen bilang tapi takut bikin khawatir jd ga bilang. bilangnya kalo udh seminggu kemudian;p
iqro milea. jngn panik panik sampe heboh terus ya;p
iya sama kitanya juga;p
Contoh tata cara batuk/bersin depan orang saat tidak menggunakan masker:;p
eh gmn ini ujannya gede;p
abis itu tidurnya ga bangun-bangun. healthy is priority bruh.;p
iyain aja dah namanya jg emak2;p
kemarin mau pake sameday kayak gini terus mikir ukurannya segede apa ya, nanti perjalanannya brp lama ya, kalo macet terus ujan... ampun. dah lah pake ekspedisi aja jadinya. gpp lama yg penting sesuai ):;p
cape anjir mau mati aja;p
napa ya org2 tuh suka tbtb dan ga pake nanya. main nembak a b c d tanpa rundingin dulu.;p
buat apa ada komunikasi;p
tambah tindikan dikanan gak ya...;p
sekolah dulu yang bener dek baru komen yg aneh2. kasian nanti cari kerja susah;p
astagfirullah jd sering sambat;p
yang kita apalin jaman smp adalah ini Loudly crying face @jinsoulnangor;p
yg cakep gua yg insecure gua. trs karna gua cakep gua ga boleh insecure? karna gua insecure = gua ga bersyukur? karna itu gua kudu mikirin elu yg lbh insecure? ngatur idup org amat. penyakit hati jatohnya. kl gamau denger tgl pergi. kl gasuka tgl blg. jngn dibikin ribet.;p
lu gabisa atur orang mau ngapain tp lo bs atur diri lu sendiri gmn bersikap bahkan gmn harus react. bukan dia yg terlihat sempurna trs insecure yg cm harus bersyukur, tp elo jg yg sederhana.;p
pengguna mobil dijalan selain harus punya sim harus punya otak ya tolong;p
manusia kayak gini apa gamau ganti peliharaan gitu ya, kucing kek anjing kek, jangan melihara bodoh dan tolol napa mainstream.;p
Terima kasih sudah bersamaku selama 4 tahun terakhir. Meskipun hargamu tidak sampai seratus ribu, tapi cuma kamu yang bisa bertahan sampe empat kali tahun baru.;p
Sore tadi. Nimas, manusia random nan aneh ini tiba² maksa mau samperin Bianglala. Nggak ngomong mau ngapain, pokoknya mau ketemu. Rencana kami ketemu besok Senin, tapi akhirnya aku maksa harus ketemu hari ini. Ada di mana juga tak samperin. Wkwkwkwk maafkan diriku mbak~;p
"Bonus: ""Untung logonya Welas Asih udah ganti"", katanya~";p
"Oh masih ada lagi. Mbak Lala kget aku bisa ""so sweet"" gini, sampe terharu lho tadi:') Setelah Tenri dan Pungky yang bilang gini, trus sekarang nambah satu orang lagi wkwkwkwk";p
Akhirnya kamu mandi juga ya sayangku... Ya mandi air hujan sih. Yaudah lah yaFace with tears of joy;p
Janjian jam 7 sampe sekarang nggak ada kabar. HUAAAAHHH;p
ADA Siliwangi playlistnya Sheila On 7Red heart;p
AKHIRNYA WHATSAPP BISA DARK MODE:') Iya ketinggalan emang wong baru update whatsapp. Lebih tepatnya, baru bisa update. Soalnya dari kemaren memori penuh wkwkwkwkwkwk;p
Diminum? Bisa. Abis itu baik-baik aja? Ya gatau. https://twitter.com/FOODFESS2/status/1235144285348982784;p
"""Martabak keju enak ki dek"", Ibuk (lagi).";p
TERNYATA MARET INI ADA TULUS DI UTCLoudly crying face;p
Ngawur ini ada Tulus sama Sheila On Seven ASTAGALoudly crying face;p
APA APAAN ANJIR BARUSAN DI TERAS ADA MENCAWAK SEGEDE LENGAN;p
Sebagai pengguna DSLR, I CAN RELATEEEEEELoudly crying face BRISIK EMANG SUARA SHUTTERNYALoudly crying face;p
Pelik sekali urusan per-bawang bombay-an ini ya;p
Pandji terlilit masalah akibat jokesnya.....;p
Nggak ada Owi/Butet ya nggak ada emas olimpiade 2016:');p
Padahal di komik 37 itu Ran lagi ujian negara. Sampe sekarang dia nggak lulus-lulus juga~;p
LALU KAPAN CONAN NAIK KELAS DAN RAN LULUS SMA??;p
Habis anter ibu belanja. Tahukah kalian harga sebutir bawang bombay? Di deket rumahku 15.000. Satu. Sebutir. Harganya. Lima. Belas. Ribu. Ukurannya juga paling setengah bola kasti. Goks ngawurnya...;p
Wajah nggak tidur, trus habis emosi sama ibu-ibu yang nyelak antrean beli sarapan dengan alasan buru-buru. Hamba merem saja belom lho ini, itu ibu-ibu udah rapi, udah mandi, udah dandan:);p
Selamat pagi semesta. Mari tidur~;p
SAYA SUDAH MENUNGGU SPESIAL RUTE SUSTERAN GEDANGAN YANG ADANYA SETAHUN SEKALI. AKHIRNYAAA!;p
Ini kalo aku yang pake, pasti bersin sepanjang hariFull moon with face;p
Kesalahan hari ini: ke aneka jaya;p
ACnya sampe nggak kerasaLoudly crying face;p
Perasaan biasanya nggak serame ini, walaupun tanggal muda dan weekdaysLoudly crying face;p
Selain nggak tau teknologi bernama gojek atau grab, atau ya ojek di pangkalan, nurul ini juga nggak tau... diri;p
Hujan deras sekali. Pemandangan dari tempatku berdiri. Aku? Berdiri aja. Ngelamun. Trus nafas. It's okay, mas~;p
Hujan deras sekali;p
Pengen sangar tapi malah ambyar;p
Asli pusing lho kepala hamba haha;p
Harus tetep hidup ya emang buat ibu.;p
Halo @KAI121 bisa tolong cek DM?? Terima kasih;p
Kan. Bener kan. Suaranya enak didengerinRed heart;p
Upload ini di IG story, udah beberapa orang terkejut melihatku membawa paperbag Sephora~ Itu isinya buku, gaes. Bukan make up ataupun skincare WKWKWK. Ini kado dari mbak Voti. Manis banget emang, jadi terharu:') Terima kasih sudah berbagi rejeki dirimu, mbak Vot. ;p
Mie sapi lada hitam cukup membuat hamba megap-megap. Enak sih. Tapi ya giniLoudly crying face;p
Setelah kemaren uring-uringan seharian, marah sedih sakit hati segala, kepala pusing nggak jelas, eh hari ini random banget tapi membahagiakan.;p
Oke jadi kalo ada pertanyaan buatku: Kapan terakhir ngerasa bahagia? Ku jawab dengan madep mantep yakin yaitu tanggal 27 Februari.;p
Apa perlu bikin jenius biar tabungan bisa kebagi-bagi dengan baikFull moon with face;p
Hai mas. Rabu ini melelahkan ya. Emosimu labil banget sih hari ini. Combo sama sakit kepala sesiangan tadi. Dipake tidur juga tetep nggak enak rasanya. Akhirnya ya kamu cuma bisa napas, mas.;p
Masih diingetin sama wallpaper dan gelangmu kan mas, biar kamu tetep inget buat sadar sama napas. Baiklah. Kamu manusia kok mas. Terima kasih sudah bernapas dengan baik. Terima kasih paru-parukuRed heart;p
Aku suka banget celetukannya seorang temen kemaren, Rokok aja pake filter, mulutmu itu filterin ~;p
ak make baju hari jumat di hari kamis serasa saltum;p
ngapa kalo siang tuh mager bgt ngapa2in ya tapi kaloo uda malem maunya ngelakuin banyak hal;p
padahal kaya baru kemaren dia cerita kalo dia abis doa bersama disekolah. eh tau tau besokkk gue uda doa bersama disekolah rasanya mau cerita deh ke dia..;p
kaget banget,pas gue coba2 buka fb loh kok ada sg gue yg diig acc2 TERNYATAAA KESAMBUNG SAMA FB!?!?!?!? jadii selama ini?orang yg temenan sama gue di fb ngeliat juga donk!?termasuk tante2 gue.....;p
kalo ngeliat themes line yg brown jadi inget seseorang dahhhh;p
alhamdulillah ada filter yg bikin item&dekilHugging face;p
depok deket bgt lagih disitu hadeh;p
uda begadang begadang nunggu flash sale shoppe tetep aja ngga dapet;p
uda lama ga ke kebon emaaa..;p
bener bener sepi banget ini hp;p
akhirnyaaa ketemu juga;p
mau follow tapi malooooow;p
JELAS JELAS GUE PAKE PUTIH PUTIH PAKE DASI SMA ADA LOGO SMA MASI AJA DITANYA SMP KELAS BERAPA;p
gue ke tukang jait buat ngejait logo SMA,malah ditanya ‘emang smp kelas brp?’;p
ngakak seindo inimah;p
seru bgt si ampe dibawa keruma.;p
bener2 temen gue keren2 banget,gue kan lagi nonaktifin ig eh MERAKA MALAH PADA LOGIN NIN LAGI KAN JADI AKTIF LAGEHSleepy face wooooook untunk sayank;p
pegel juga ye minum obat;p
aku ingin melihatmu dalam gelap yang mulai datanggg......;p
sekola untuk menyelesaikan harrypotter;p
lagi terbang banget harus staycool hoah paniqQ;p
puyeng bgt daah besok uda hari senen aja;p
film milea sedih kalo lagi sedihhh ‘agak’related si sm kehidupan eug;p
fotokopi termahal dicibubur jatuh pada fotokopian samping kelurahan yg terpencil;p
abis curhat sama bapa rasanya legaaa banget banget;p
PRESIDENNYA SIAPA SI INI!?!?Face with tears of joyRolling on the floor laughingFace with tears of joyRolling on the floor laughing;p
kerjaan gue : mikirin masa depan orangNeutral face;p
perasaan gue gemukan pas gue nimbang... bb gue 40 w0w malah turun 5 kil00Slightly smiling face;p
uda anjir jan dipikirin mending nonton indonesia idollll;p
sakit bgt;p
ngantuk ngantuk dan ngantuk;p
masih ga nyangka aje,yg ditakutin dari dulu akhirnya kejadian.gapapa deh ni orang tetep jadi yg terbaik aw malu bgd GATAU HATINYA TERBUAT DARI APA BISA BAIK BANGED++++&ga cocok sama gue yg gapernah bersyukurr..;p
ga nyangka gue mimpi semua temen gue pada hamil.... WKWK PERTANDA APA INIH!?;p
jadi temen gue lagi marahan sama maknya trs dia nginep di ruma neneknya persis bgt kaya gue kalo lg ngambek,eh pas tadi pulang les gue tanya ‘trs lu ini dijemput siapa’ kata dia ‘tante gue’ eh pas sampe depan ternyata maknya yg jemput trs malah gue yg mau cryyyy aneh dah gue;p
mutualku tolong bantu amininnnn;p
kalo uda berangkat sekola suka merasa berdosa bgt da ama ibu gue soalnya diruma cuman rebahan ga beres2 ruma gatau knp males bgt gerak maapin ye buSmiling face with open mouth and cold sweat;p
serunya main sepeda di tengah mati listrik;p
gila bgt jawaban orang caper jaman sekarang ‘instagram itukan public’ iya bener public tapi akun lu ae lu private nyahahahahah oreo noh enak;p
kosakata yg gua tau kenapa dikit bgt ampe gabisa berkata kata;p
pulang pergi les dapet gojek sewotan semua lah tayiiii huuu sabarrr;p
random bgt tbtb keinget lg nangis lg;p
bisa bisanya gue mimpi yg gamungkin jadi kenyataan tapi gaada yg gamungkin si wokokokokok;p
gila bgt INDONESIA IDOL MALEM INI KEREN KEREN BANGETT!!!!!;p
menyesal ngerjain to selalu mepet waktunyaBroken heart;p
nf kenapa dingin banget!?!?beku gue.;p
baru tgl 1 uda sad aje gue;p
seneng hari ini gue merasa tinggi;p
kenapaa gue dejavu terusssssss;p
apa cuma gua doang yg uda males bgt sekolah!?!?!?;p
tahan tahan kan bukan siapa siapa;p
kok ada si ya orang cuek banget gaada pikirannya bgt heran,gimanasi ngerubah orang cuek asli cape banged.;p
abis main sama temen smp,mereka nyeritain temen2nya di sma seru2 bingit&gue cuma diem dan nyimakSlightly smiling faceseseru itu masa smanya ga kaya gue penuh toxic;p
ni badan mau nya rebahan terus padahal tugas banyak;p
anjirla abis minum susu indomilk yg botolan gt,malah jadi sakit tenggorokan gua;p
kata ‘sorry’ yg keluar dari mulutnya masi terngiang ngiang @bbaekachuu #serunyaberhalu;p
lagi ngerjain praTo ternyata low tbtb matideh baru juga selesai yg tpsnyaSlightly smiling facekan bikin mager...;p
pusing bgt sama orang yg buat instastory tapi dipost lagi disnap wa bener2 sama persis,orang2 yg kaya gt ada masalah hidup apasi?Weary faceLoudly crying face;p
dulu kalo ke pgc atau ke kramat jati beh rasanya jauh bgt,sekarang bolak balik situ muluu. t0day @winterpeachn;p
sedih bgt.bener bener uda gabisa makan mie,setiap gue makan mie lambung gue sakit&mual bgt huh;p
dirumah nenek gue ada ayunan seru bingbing;p
sekarang kalo gabelajar dikit merasa berdosa banget;p
bener ya kalo kita berpikiran buruk atau apalah itu jadi kejadian,hari ini gua denger orang kecelakaan nah pas gue mau pulang les bareng temen gue naik motor gua berpikir gua kayaknya bakal jatohdeh soalnya emang lagi licin bgt eh bener dong gua jatoh dipertigaan pa jangkung;p
dan jatohnya meluncur gt keren si tapi ya sakit DAN MALUUUFrowning face;p
dijelasin uda rada ngerti,pas nyoba sendiri asdfghjklmncysuekdjsiskskkbsiw ini kenapa susa!?!?!?;p
masih aman soalnya belum pake jam tangan;p
mumpung double promo jadi kenapa engga;p
cuma boleh kecelakaan yang menghasilkan calon presiden saja;p
pusing w habis nonton cerita anak SMA langsung kayak gimana gt nonton anak kuliahan...;p
sekarang ayo nonton love playlist;p
KENAPA MASA SMA GUA GAK KAYAK GINI HIKS;p
yid gue break nonton drama 10 menit gakuat lucu bgt;p
HEHHHH INI ADEGAN LOKER GUE GAKUAT. GUE TAU APA YANG AKAN TERJADI KARENA SEMPAT LIAT PREVIEWNYA;p
woi asik bgt foto2 kek gini. seonho tu gapapa ditempel2in soalnya piyik :(;p
huhu iya nih :(( gakerasa nunggu doi debut udah mau 3 tahun aja;p
ya karena memang bisa dibilang 'bagus' tuh kalo nonton pada masanya sih. gabisa dibandingin kalo eranya udah beda;p
dulu tuh ada yang bilang gini ke gue, tapi tanggal 1 maret 2020 ada yang ngamuk2 sendiri di chat ;p
loh asik gue punya diskon gojek wkwkwk mayan lha nimpuk biaya ongkir + pajak;p
padahal w uda bilang maunya ayam yang kek di gambar :((;p
yaallah emang nyari diskon perlu perjuangan;p
kalo mo beli clio tuh... takut sama shadesnya...;p
btw chatime transmart dha buka ya... terakhir kali gue ke sana masih siap2 opening :(;p
"gue mikir gini tadi ""mirip transmart malang yha"" until i saw 'fakultas teknik'... :)";p
ekspektasi pulang ke kos :ngerjain skripsiNegative squared cross mark nonton dramaWhite heavy check mark;p
susah di rumah digangguin mulu :(;p
apeni pada ngajakin gue kongkalikong biar pas sidang dapatnya bukan dospem gueFace with tears of joyFace with tears of joy;p
Sekelompok ber-5. Yang ber-4 udah kelar ngerjain bagian masing2 h-1 sebelum deadline. Taunya si 1 orang ini bilang gak bisa ngerjain bagiannya 1 jam sebelum deadline oala jancu ^_^;p
BTW SAY HORE GUE GAPERLU NYETAK LAMPIRAN WKWKWKWKWK yes skripsi gua < 100 lembar;p
BTW SAY HORE GUE GAPERLU NYETAK LAMPIRAN WKWKWKWKWK yes skripsi gua < 100 lembar;p
"aku kepada parkiran fakultasku: ""kalian semua apa gamau cepet2 lulus biar gamenuh2in parkiran?"" :(";p
banyak banget dha list drama tahun ini pusink. pengen nonton drama keumdong, jinhyuk, wooseok, seongwoo-yeeun... belum lagi mau nonton drama love playlist berapa season tu :(;p
lusi wisuda kapan? ya kapan2 nonton drama aja terus;p
maunya jauh2 hari tp sibuk mulu huhu alias yaudah dikerjain kalo sempat T_T;p
masih jam segini tp gue bimbingan jam 10 :( ngapain coba;p
btw orang2 kok pada pake vb ya gue tuh belajarnya malah c# bahasanya beda bingung;p
abis berapa ya waktu itu... 300rb kalo gasalah. kalo habis main laptop jangan langsung ditutup nder;p
mata gue sakit bgt liat sepatunya... nyentrik bgt asli;p
3 tahun gue ngelaundry... baru tau nama tempat laundrynya...;p
btw maksudnya ap y gue hemat 9,625 gue pake 9,625 koin tapi gue dapat 9,625?????? jadi duit gue ganambah gaberkurang???;p
sejauh mata memandang, web dramanya cuma ada ciuman di pipi dan melenceng jauh dari game jadi mari kita tenang saja. tarik nafas lalu hembuskan;p
"pas bagian ""21 lantai"" anjrit tau gak gue tiap dapat matkul di gedung F males banget padahal cuma di lantai 4 (gedungnya 12 lantai). temen2 gue ngeluh karena sudah pada jompo pengen kelas di ged A / E aja yang cuma 2 lantai soalnya kalo telat kudu naik tanggaLoudly crying faceLoudly crying faceLoudly crying face";p
sampai sekarang gue gatau isinya lantai 9-11 apaan. tapi gue liat2 di fakultas sebelah dijadiin tempat nge-gym ^_^;p
malang gue tinggal 1 bulan berubah banyak jir. fakultas gue gedungnya berubah, tempat makanan langganan nasi pecel gue diganti jadi warung bakso hikz hikz;p
anjrit gurunya jahat banget masa udah cape2 belajar dibilang nyontekFace with look of triumphFace with look of triumphFace with look of triumphFace with look of triumph;p
ato gue salah ya anjir jadi kepikiran;p
"disaat rebahan kayak gini sering banget flashback ke sem 3, 4, 5, 6 yang isinya gue ngomong ""gue uda cape kuliah"" :(";p
"jangan gitu... kalo lagi ngerjain skripsi tuh kayak rada sensitif gitu lho rasanya pertanyaan ""udah ngerjain belum?"" / ""udah selesai belum?"" aja bakal kedengeran ngeselin banget";p
anjrit daritadi gua mikir bgt butuh voucher cashback gak sengaja buka live shopee eh dapet dong wkwkwk;p
di zoom bukannya makin jelek malah makin gantengLoudly crying faceLoudly crying face;p
gue jajan 34rb cashbacknya 15rbSmiling face with open mouth and cold sweat;p
oh kirain gwa gak dapat duit bulanan;p
TUHKAN HARGANYA BALIK LAGI UNTUNG GUA UDA CEK OUT;p
jenius jan ngadi2 gue laper bgt;p
otak gue kotor bgt anjir bisa2nya gue tiap nemu privatter bisa ngerti passwordnya...;p
kalo gue ambil galon di depan jam segini kayak rampok gasih...;p
fotonya gabole disebarin apa ya yaudah gue jadiin konsumsi pribadi aja;p
cape gasih liat donghyun stylish bgt aq mo nangis aj;p
untung gwa belom tidur huft;p
ack jam segini ada temen donghyun yang masuk grup;p
"wow jd gue kemaren mo beli sepatu tapi harganya 279rb terus gue kayak ""dih mahal bgt"" terus hari ini dia diskon jadi 209rbRelieved face";p
"gue juga pernah nih subuh Face with tears of joyFace with tears of joyFace with tears of joy katanya ""biar kita semua sekalian shalat subuh berjamaah""";p
btw itu rumah sakit rujukan rata2 grade A ya Smiling face with open mouth and cold sweat biar cepet kali ya;p
lagian fatality ratenya 2% dan yang meninggal pun orang2 yang sudah berumur / orang2 yang dari sananya punya penyakit. kalo kalian sehat2 aja, sering2 cuci tangan insyaallah bakal baik2 aja kok;p
woi siapesi kemaren yang bilang indo negara maju? otaknya banyak yang mundur gini gua liat2;p
mention gue rame bgt ketimbun2 dha pusing;p
HEH INI BERITANYA YANG NGACO APA PETANYA YANG NGACO;p
loh tp tadi liat di kumparan katanya tinggal di jakarta...;p
iya dha habis kelar coolyeah gue balik ke tempat asal biar gak nambah2in macet :(;p
gue ngantuk bgt plis malah dapat kerjaan;p
"K : ""ini kenapa emailnya masuk ke bagian promotion?"" Aq : ""ya sudah algoritmanya begitu kan otomatis"" K : ""algoritmanya gimana kok bisa gitu?"" YA MANA AKU TAU KAN AKU GAK KERJA DI GOOGLE TAT";p
mumpung gue gabut apa gada yang ngadain seminar biar gue dapat makanan serta ilmu yang bermanfaat;p
pokoknya gada yang bisa cegah gue beli promoan hokbenFace with look of triumphFace with look of triumph;p
gatau... tp gue ngerjain skripsi sendiri saja masih ada bingung2nya yang ngejoki gimana ya...;p
sabar ya sobat2 kosku malem2 gini bukannya tidur gue malah nyetel lagu Armada kenceng2;p
coba liat lagi peraturan kampusmu. tiap kampus beda2 soalnya;p
baju putihnya masih w pake tapi badgenya dilepas, baju olahraga w jadiin baju tidur/baju keluar rumah, baju batik kadang2 masih dipake, rok doang yang dikasih ke orang;p
gue dha tidur bukannya membaik tangan makin sakit ye bahkan buat ngetik di hape;p
huhuhu mau ke promoan tapi buat bangun dari rebahan aja sakit bgt;p
harusnya temenmu berterima kasih lha gak di TAin... kalo ketahuan TA sama dosen yang kayak gitu apa gak langsung auto E...;p
lah gue mau dateng ke seminar luar kampus taunya pematerinya temen gue sendiri Smiling face with open mouth and cold sweatSmiling face with open mouth and cold sweatSmiling face with open mouth and cold sweat;p
huhuhuhu males bgt ke kampus. memang nempel kasur paling mantap;p
ini naiknya cepet bgt karena yang diidentifikasi ada 25,000 orang dan suspected 65,000 orang;p
huhu lusi cengeng banget anying baru pisah sama mama 2 jam liat ibu2 nyium anaknya mau nangis;p
gapunya paket internet tapi paket internet di kalimantan mahal banget anjeng gue belinya nanti aja pas nyampe jawa;p
bni taplus muda, per bulan 5k, bisa mbanking juga;p
"*keumdong update* isi chat grup fansnya: ""LUCU BANGETTTT"" ""Lucu banget sih dia??"" ""Lucu lucu lucuuu""";p
gue mimpi ampe nangis2 dikirain dha gamau balik ke mlg, dikirain sakitnya sakit banget :( bingung tp mo ceritanya gimana;p
pusing dha kalo mo jauh dari mama ada2 aja sakitnya;p
udah disuruh bimbingan sama dospem... mf bu iya ini saya print sampe bab 7 :(;p
gausa beli aja kali ya lagian dear me gue yang 9rb belom dibuka juga. tunggu harga 15rebuan gitu;p
bingung mo beli tbb 28rb ato emina 32rb;p
cukup kok ama revisi asal dosenya kooperatif aja;p
ya anak2 silakan analisis ketampanan kim minkyu. saya kasih waktu sejam;p
lusi skripsinya tebel gara2 lampiran :));p
males gasih bikin kata pengantar padahal biasanya gadibaca juga sama pembaca huhu;p
lampiran A gue 47 lembar. belum lampiran B. ayo ketawa dulu wkwkwk;p
padahal skripsi gue cuma 65 lembar heh;p
w pikir bahas hal pribadi base kpop pake bumbu tambahan nama idolnya biar gak oot itu gaperlu;p
gara2 foto clio prompt yang muncul di timeline gue banyak bat;p
temen gue pake notepad doang btw. diketawain asprak waktu itu :(;p
rumah jauh bgt buat beli kentang frozen deket2 sini gada... akhirnya dengan kekuatan yutub bikin kentang goreng pake kentang yang belum dikupas beli di pasarSmiling face with open mouth and cold sweat;p
kalau mau punya anak kayak gitu yo dinikahin toh biar anaknya mirip bapanya;p
huhu kangen dia tapi gabisa apa2 soalnya tau dia lagi sibuk juga jadinya kesel sendiriLoudly crying faceLoudly crying faceLoudly crying face;p
dear irene ini lip crayon sih. tapi aku paling suka shade dear luna sama dear felice (yang felice udah abis sebelum ku swatch :');p
mengerjakan skripsi dengan lemes karena gada konten keumdong;p
ini analisis dan pengujian gue udah 10 lembar kalo masih kurang bener2 keterlaluan lo semua :(;p
walopun ada yang parkir disitu paling jam2 sepi kayak pagi gitulhoo. kalo sore2 gitu ya rame lha watugong Face with tears of joyFace with tears of joy makanya akutu kalo kuliah nyari yang ampe jam 3 aja soalnya kena macet watugong walo dikit doang :(;p
watugong mah rame muluu. gak bangga ini mah kayak tercoreng dha barti jalanan watugong sempit wkwkwkwk;p
fag skripsi gue beneran ganyampe 100 halaman wkwkwkwk;p
fag seriusan ampe kesimpulan cuma 68 halaman (ayo ngakak dulu);p
lagi ngerjain skripsi bab 6 tapi sambil dengerin to my world ya gabisa fokus lah gila;p
kesel bgt dha mau apapun alasannya ya pake otak aja harusnya. punya otak kok gadipake buat mikirLoudly crying faceLoudly crying face;p
cape ngemute kata2 ini gimana caranya sih biar kaga muncul lagi;p
otak gue gabisa berfungsi dengan baik setelah selesai menonton filmnya hhh;p
gila tahun berapa ini gue baru mau nonton train to busan;p
setelah nonton ini yang w mo katakan hanya... BANGSAT KALIAN YANG GAMIKIRIN ORANG MIKIRNYA DUID DUID MULU;p
soalnya kalo 1 orang kena nyebar ke 5 orang aja si 5 orang ini kan ibaratnya bisa menambah massa lebih banyak lagi :(;p
kurang tau ya... soalnya aku liat fakultas sebelah yang masih satu kampus pun ada yang belum menerapkan hal tersebut... sepertinya kebijakan masing2 fakultas aja;p
emg kata orang mah kalo udah nasibnya ada aja jalan... tiba2 dapat kerjaan... bener2 nambah2in duid buat nonton konser ini mah :(;p
jadi gini... td gue mau bikin makaroni goreng tp bapak w ngerecokin akhirnya tepungnya diganti tepung sajiku... RASANYA JADI KAYAK AYAM GORENG,,!!!!;p
lampiran banyak bgt shjsksks gapapa;p
AKHIRNYA DATA SKRISPI SELESAI Loudly crying faceLoudly crying faceLoudly crying faceLoudly crying faceLoudly crying face yok bisa yok sisa laporan analisis;p
mending yang dream apa yang pink sih... gue pake yang pink udah oke tp kalo ini lebih oke gue ganti :(;p
kenapasi orang2 tuh punya duit tida dipergunakan dengan baik... gue yang ngutak atik kan sedi...;p
sebel bgt tau kfc paling deket di sini tuh kfc bandara... kan mahal...;p
gue lg ditahap cape ngerjain skr*ps* terus baca yang sedih2 jadi nangis beneranCrying faceCrying face;p
kalo tangan ma kaki pake handbody :( skin aqua tuh ss tapi kalo mukaku lagi kering walaupun moist malah mangin ngeletekFace with tears of joyFace with tears of joy (because it supposed to be sunscreen);p
tumben gue tinggal bikin skripsi gada au / ff apdet hm;p
gue selimutan pake kain bali bukannya anget malah makin dingin :(;p
KENAPA ORANG2 DI RUMAH INI SUKA BGT BIKIN JEBAKAN BETMEN DI TELUR;p
gue ngerjain skripsi lama ugha... dha jompo gakuat ngerjain ampe subuh;p
HABIS GIMANA INI DIJANJIIN SATE DARI SORE TP GAPULANG2 BAPAKE Loudly crying faceLoudly crying face;p
kakak gue jam setengah 12 : masih nunggu sate ;p
papa katanya mau beli sate tp udah jam 10 tida pulang2. malemnya tu malem kapan ya apa malem jum'at kliwon gt;p
mo nyoba banila co tapi mahal Pensive facePensive facePensive face;p
papa katanya mau beli sate tp udah jam 10 tida pulang2. malemnya tu malem kapan ya apa malem jum'at kliwon gt;p
- BEST OF BEST SKINCARE & MAKE UP I'VE EVER BOUGHT - dibuat in case mau purchase lagi di kemudian hari dan siapa tau ada yang mau beli juga;p
#3 Pixy Cushion kalo mau coverage yang lebih oke pake ini karena lumayan nutupin jerawat. hasil finishnya dewy jadi once again mungkin gacocok buat yang oily. kalo yang rollover buat daily, ini lebih dipake buat ke acara2 gitu sih;p
"#2 Rollover Reaction Cushion definisi dari ""it's your skin, but better"". diawal hasilnya bagus tapi kalo udah lama jadi minyakan (jadi mungkin tida disarankan untuk oily skin). coverage kurang jadi gabisa nutupin bekas jerawat";p
#1 Dear Me Beauty Lip Coat & Crayon Lip coat : tahan lama, warnanya oke, gak kering di bibir. pokoknya luv?? (itu yang dikotakin shade Dear Felice karena yang sebelumnya dha abis w repurchase) Crayon : enak bgt pakenya?? bisa buat blush sama eyeshadow. tapi cepet ilang;p
thread ini isinya personal opinion. kalau w suka & puas selama pemakaian, produknya bakal masuk ke thread ini??;p
9 tahun lalu gue kenapa:(;l
Nyantei di bar keknya enak gitu;l
Yg mengendarai motor tp nyetep kebelakang itu masalahnya apa;l
yg nemenin mkn ak traktir;l
"""nif bagi email lu buat paperwork lu"" adalah tanda…";l
Hidup lebih berwarna kalo bisa terbang;l
Katanya kalo udh lupa hari berarti;l
Enak ya rebahan tapi punya uang;l
Memperingati umur saya yang ke 8000hari marilah kita;l
Apakah pagelaran kalo rebahan jadinya pagoleran?;l
Semakin dewasa saya semakin paham, kalo laper ya harus makan;l
Service 530 uwu;l
Scbd ga banjir gan;l
Mimpi suspect corona anjig reuwas;l
Deres bgt ini ujan;l
Masih belom reda;l
Jam segini kecoa sayapnya mekar;l
Yg haram lebih enak;l
Benerin tuh masa depan;l
Headline yang memancing;l
Malibu coconut liqueur apa rum?;l
Mimpi suspect corona anjig reuwas;l
walaupun hidup seribu tahun kalau tak sembahyang ya gapapa paling digendir.;l
Kosong bgt otak;l
Dikadoin dan diselamatin ultah tapi b aja lalu kecewa;l
Dingin kerasa ga sih;l
Gangerti dah dikasih tamu wkaksk;l
Angkatan laut gaada?;l
Nunggu gajian;l
Lo sensor tapi ada diatasnya awkwkskw;l
Dapet tip hhe ayo mabok;l
Yuk pulang;l
yg doain ujan tp tanahnya subur berikut ada air awas lo ye;l
Sakit jiwa kak;l
Kosongkan jadwal;l
Bangsat lupa kunci pintu toilet ad yg masuk;l
Tadi panas parah skrg mendung et ngapa;l
Libur satu2nya malah ujan sue;l
Namanya juga manusia, variatif.;l
Anjrit kesiangan;l
Nyari duit buat nafkahin aku;l
Kenapa orang kota ni pada ribet mau kepuncak semalem doang;l
Gue sih kepikiran kalo bapak gue anggota bin;l
Bulan ini gaada public holiday?;l
Kok dingin y aer dikosan;l
Ketinggalan banyak;l
Gelap parahhh;l
Susah amat nyari temen foya-foya:(;l
Tebak ak dmn;l
Ngantuk tp pingin nonton True Sight;l
"Anjir, bener"" suatu rasa yang gabisa diungkapkan oleh kata""";l
Benar benar musuh akal sehat;l
Padahal udh diwanti-wanti buat • jangan ngeroko dlu • jangan makan diatas jam 8;l
Tpi mah ya tetep aja dilakuin;l
Kalo udh kaya gini pengennya diem aja;l
"buat reminder Akhfi pesen dimsum masing"" 2 dibawanya hari jumat";l
ANJIR GUA BUTUH GAME ONLINE;l
MOBIL LEGEND AJA KALI YAK;l
YODA DEH DONLOT MOBIL LEGEND AJA;l
Udh ngejelasin panjang lebar juga, tetep aja gua gadapet jawaban yg pas;l
yasudahlah, mungkin emang lagi sibuk jadi gak terlalu baca penjelasan dari gua tadi;l
Musti stok tolak angin sama bearbrand;l
Tertawanya lelaki bisa sangat palsu ya, sama seperti ketika perempuan menangis;l
Tapi, tertawanya perempuan itu sangat alami, dan tangisnya lelaki benar-benar dari hati;l
Anda tidak perlu menjelaskan siapa diri anda kepada setiap orang, cukuplah kepada beberapa orang yg dirasa pantas saja;l
Kamu sudah mulai hebat menangani suatu masalah ketika kamu sudah bisa menertawainya;l
"Btw anjinglah, orang"" semester 1 dapet bagus, gua malah angus wkwkwkw";l
Yahh iyaudahlah mungkin besok bisa ada waktu senggang lagi;l
*sambil buang nafas* Gua gagal lagi buat malam ini;l
Momennya tadi ga dapet nih sue;l
SIAPPP, GUA HARUS BISA BERJUANG BIAR ANAK GUA NNTI BISA DAPET PENDIDIKAN YANG LAYAK ;l
BISA JGA GUA KAGA NGETWEET SELAMA SEMINGU;l
"Kayanya hari ini gua udah ads difase dimana gua bener"" bosen bgt sama kerjaan gua yg satu ini. Bukan karena gua gabisa, bukan. Tapi rasanya kaya udah gaada hasrat bua ngerjain segala sesuatunya.";l
Ya maap atuh cing, gasengaja:(;l
Gua paling ga setuju sama kata-kata bahwa 'Orang yg menyayangimu tidak butuh kamu jelaskan tentang siapa dirimu.';l
Kalo kamu memang menyayangi dia juga, plis lah gunakan isi kepalamu itu. Jelaskan, katakan, kepada dia beberapa hal tentang dirimu.. Agar dia paham dengan dirimu, dan jgn lupa jga tanyakan kepada dia untuk menjelaskan dirinya, agar kalian bisa saling mengisi;l
Karena sejatinya cinta itu dua org yg saling mengisi, bukan dua org yg saling menghakimi.;l
Design lighting gua jdi ga berantakan kaya dlu WKWKWKWKWKWKWKWK;l
Setelah sekian lama, gua paham jga dengan cara mainnya wkwkw;l
Saya kira rasanya enak, ternyata biasa saja;l
Lagi kekenyangan dan yg lewat di tl dritadi adalah foto makanan... makasih bat loh tambah mual perut gua;l
"Rasanya benar"" seperti disengat lebah";l
"Kenapa setiap gua ketemu ibu"" dimanapun itu, pasti mereka punya anak perempuan yg umurnya dibawah gua";l
"Padahal gua sama ntuh ibu"" jga baru ketemu sekali";l
udh donlot, nginstall sesuai anjuran, and then tetep gabisa di buka.;l
trik pertama jika kamu ingin mempelajari bahasa lain, pelajarilah semua bahasa kotornya.;l
kenapa? agar kamu tidak dibodohi oleh teman-temanmu.;l
• REMINDER • hari esok memang penting, tpi hari ini lebih penting. hari kemarin memang menyakitkan, tapi tidak boleh sampe dilupakan.;l
Ini bukan tempat yang pas untukmu saat ini, dan seharusnya kamu ga disini saat ini;l
"Shitpost kaga ada yang nongol"" daritadi";l
Padahal hari ini cuma istirahat dirumah, tapi kenapa rasanya tetep cape banget ya;l
And ya.. sekali lagi terima kasih twitter udh ngebolehin gua cerita tentang apa yg pengen gua ceritain disini..;l
Dan ini adalah foto yg sudah diedit, yaa meskipun cuma diganti fillter jadi monochrome doang ahahah;l
Eh iya btw gua, gua ada salah satu foto lagi ternyata dan foto ini selalu jadi wallpaper di hp gua;l
Terima kasih twitter sudah mau menampung semua cerita ini;l
Gua cma mau berbagi cerita ini aja, setidaknya agar gua bisa sedikit lebih lega...;l
Ga enak lah cuyy udh ada temennya, trus dia tau kalo kita punya sifat yg kaya gtu ahahaha;l
Dan yaa sampai akhirnya sekarang gua udh gak pernah ngebasecamp disitu lagi, karena disamping gua udh ada tandem;l
"Dan gua disitu selalu ngobrol sendiri, nulis"" sendiri, bahkan jga pernah nangis karena gua bingung dengan apa yg mau gua lakuin, karena jujur seperti yg gua bilang tdi, gua itu orgnya overthinking abis";l
Jadi jika dlu basecamp itu jdi tempat gua bersembunyi ketika dingin, lama kelamaan jdi tempat gua tidur, merenung, menyendiri, pokoknya aktifitas dimana gua gak pengen diliat orang lain.;l
jawaban atas kekecewaan kita adalah sukur yang semakin tidak ada.;l
siapa pun bisa menempati posisi siapa pun.;l
ledakan yang besar tentu sudah melewati berbagai hal sebelumnya.;l
"hadeuh ini kenapa pada bocor sih, jadi basah semua kan buka media sosial banjir dimana-mana ""yaAllah alhamdulillah masih dikasih bocor aja""#banjir2020";l
Bogor dingin, tapi tetep didominasi rindu.;l
untuk para content creator saya ingin berpesan. jika kalian ingin mengejar adsense silahkan. jika kalian ingin mengejar endorsement silahkan. tapi tolong berikan penghargaan. saya tau setelah itu si bapak kalian beri uang. saya tau setelah itu 'mungkin' si bapak gembira dan plang;l
posisikan bagaiman jika adik, kakak, ayah, atau bahkan ibu kalian berada diposisi mreka. apakah kalian rela? saya yakin tidak.;l
saya harap, pihak @gojekindonesia dan @GrabID dapat lebih mengembangkan payment system untuk driver agar bisa lbih terlindung dari orang2 yg hanya ingin 'main-main'.;l
perjalanan cinta setiap orang seperti setiap asset dalam @OlympTrade . ada yang pilih currency, commodities, bahkan crypto asset. semuanya punya tantangan untuk loss yang berbeda, tapi tujuannya sama, gain.;l
berasa besok nyusun skripsi;l
dalam suatu persaingan, kepentingan pun tak terhindarkan.;l
selalu ada positif dan negatif. selalu ada konsisten dan konsekwen. selalu ada sebab dan akibat. kehidupan berimbang saling berpasangan. nikmati keuntungannya dan hadapi kerugiannya. so simple.;l
Dear: Tugas Maaf bukan hati tak rela. Bukan juga keluh kesah gulana. Tapi maaf saya lelah bersama denganmu, mangga kerjakan sendiri yah, tak usah menghantuiku. From: Semester 5;l
Bogor 20% hujan 80% rindu;l
Fokus ya kuliahnya nak! Emak disini menunggumu untuk bisa kecup keningmu di depan para Dosenmu.;l
Kedepannya buat jadi HR/HRD bukan lagi dari pendidikan Manajemen, Psikologi, atau Hukum. Tapi bakal dari Tukang Service Mesin.;l
"Judul Skripsi: ""Pengaruh Derasnya Hujan Terhadap Pengeluaran Anak Kosan""";l
lidahku sudah terbiasa dengan teh hangat tanpa gula.;l
saya kadang salah menaggapi lawan bicara. apakah butuh untuk dinasihati atau dimotivasi (support).;l
saya selalu ingin pergi dari tempat satu ke tempat yang lainnya. tapi saya juga selalu berdoa untuk tidak pernah lupa jalan pulang, tidak pernah lupa dari apa dan mana saya berasal.;l
Terkadang saya merasa bahwa saya yang paling sabar, tapi ternyata saya sering kali salah dalam steatment ini.;l
Terkadang kita tidak mengerti akan suatu hal, tapi hanya sekejap kita seolah paling ahli di bidangnya hanya karena 'MALU'.;l
Hiruk pikuk metropolitan yang melelahkan. Kadang ingin berhenti dalam dekapan. Tetapi terlalu terbelit dalam tuntutan.;l
Inovatif dan Kreatif menjadi salah satu kunci utama untuk menghadapi perang ekonomi MEA pada era Industri 4.0. #IndustrialStrategy;l
Demokratik yang terlalu demokrasi akan menyebabkan pesatnya pertumbuhan Otokratik.;l
'Takut' selalu berhasil membentuk rasa protective. Jaga! Kendalikan! Jangan sampai layu menjadi mati rasa.;l
Lagu lama yang selalu diputar. Terlanjur basi tapi terasa menggelegar. Untuk kalangan bawah yang masih butuh dasar. Tak lain tujuannya untuk sadar. Sehingga dapat menentukan yang benar.;l
Kesakitan, keperihan, kenaasan pasti akan tiba. Hanya saja bagaimana kesiapan kita untuk menghadapinya. Bukan perihal melawan, tapi menahan.;l
Saat rakyat tertidur begitu lelap dalam buaian penguasa, maka mahasiswa harus berdiri tegap. Bukan di belakang mereka, tapi jauh di depan mereka. Dengan satu nada 'Kembalikan Indonesia'. #demokrasimatimahasiswabangkit;l
Selingkuh memang menyakitkan. Bukan hanya dalam keluarga, tapi juga dalam negara.;l
Bahagia itu sederhana. Katanya.;l
Dimanapun dan kapanpun, kejujuran adalah modal utama sehingga timbul rasa percaya. Terutama pemimpin.;l
materi pelajaran yang ku ingat setelah lulus;l
ketika sudah lama pacaran lalu diam-diam ditinggal rabi #ambyar;l
coba ganti laptop lain coba ganti kabel usbnya hardisknya bunyi cetek2 engga? hardisknya kerasa geter/muter engga?;l
paling2 dpt axioo atau merk yg udh stop produksi nder atau laptop2 dengan prosesor core 2 duo/dual core, biasanya penyakitnya batre udh soak. atau netbook prosesor intel atom. compare aja cb total perbaikan lcd vs beli laptop budget 800rb lebih worth mana;l
dreamweaver dikit cm buat bikin script web dasar, setelah jd edit pake sublime plus framework bootstrap VMware/VirtualBox buat ubuntu virtual foxit reader/phantom, xampp khatam buat trial n ngoprek program2 berbasis web, sayangnya masih bingung pake perl kalo di windows;l
parafrase kutipannya, yg penting presentase similarity nya ga lebih dari standar yg ditentukan, tempatku batas maksimal similarity nya 25%, kalo mau cek turnitin atau tanya2 info bisa dm;l
lanjut dm mbak. ini masuk engga judulnya?;l
masuk dong tidak ada kata terlambat untuk belajar;l
pulang aja, bsok izin sama dosen, kalo dosennya ga percaya kirimin bukti khitannya;l
"seekor kucing di bully oleh dua ekor ayam headline lain ""kucing ini ketahuan memakan anak ayam, lihat bagaimana orang tua ayam ini membalasnya""";l
"nanti radit cerita tentang ""kisah si radit di alam lain""";l
pelatihan penanganan kebakaran, pelatihan evakuasi gempa;l
interstellar akibat ga nurut orang tua kamar ku tembus ke dimensi lain.;l
laboran, bisa di dinas pertanian, dinas kehutanan, balai konservasi hewan/bksda, balai pembibitan tanaman;l
tergantung berita dari bpbd terkait status merapi, sama kondisi abu vulkanik.;l
kalo pajak taunan cm butuh stnk sama ktp pemilik aja, kalo pajak 5 taunan bisa di gesek no rangka di samsat terdekat, hasil cek no rangka dikirim ke daerah asal beserta stnk, ktp, bpkb;l
enakan pake mendeley nder, dapus ke generate otomatis sesuai body note yg kita cantumkan di pengutipan;l
lanjutkan kerjakan, skripsi yang bagus adalah skripsi yang selesai, yang penting ga diprotes dosbing karena judulnya udah mainstream/banyak dibahas di skripsi2 sebelumnya, jadi lanjut aja, kalo dosbing dr awal bilang ganti judul karena penelitiannya udh sering maka harus ganti;l
ketiduran di kelas lain dr matkul yg sebelum dhuhur dan ga ada satu temen pun yg bangunin;l
beda-beda cari jam yg enak dan jeda ga terlalu lama kalo bisa kamis jum'at libur tapi resiko kalo tigas numpuk stress, kuliah seharian 4 matkul capek;l
cari di emerald, wiley, elsevier, taylor n francis, pubmed, copy doi/linknya masukkan ke sci hub;l
lebih enak minta duit waktu jaman kecil dulu daripada nyari duit waktu udah dewasa;l
tergantung settingan akun turnitinnya kak, kalau di set no repository apapun yg di upload buat di cek ga akan nambah ke database jadi data kita yg ke upload aman ga akan nambah persenan waktu ngecek kedua kali dst;l
selamat anda mendapatkan tabungan dari diri anda di masa lalu;l
"pengalaman horror di kampus, kehilangan tupperware waktu jam jeda kuliah siang, sorenya di wa Ibu ""mas tupperware tempat minumnya Ibu yang hitam jangan sampai hilang ya""";l
temenku malah ga peduli ada yg dateng apa engga yg penting dia bisa lulus sidang, lulus kuliah, wisuda. esensinya kan yg penting lulus sidang. btw selamat ya sudah lulus sidang, semangat revisian nder.;l
apa tidak lebih bermanfaat diisi begini daripada kosong bang;l
ac ny deket bgt nder mending ac dipindah di atas lemari;l
rata2 masih buka rekrut S2 ya, karena rekrut dosen kualifikasi s3 itu susah ya, dan menggaji dosen berpendidikan s3 itu ga sedikit apalagi kampusnya swasta, jadi biasanya kalopun wajib dosen harus s3 ada opsi bisa kuliah lg dengan biaya sendiri ijin belajar atau dibantu institusi;l
mungkin di dalem kamar ada tikus lagi baku hantam;l
ini buah nanas nana nana nanas jabrik hijau rambutnya ini buah nanas nana nana nanas kuning bersisik kulitnya;l
lenovo bagus tp body kebanyakan plastik jelek, asus cakep body banyak metal tp batre gampang soak, keyboard kadang2, hp engga deh, acer apalagi;l
laif hek kamu ga rela stik drumnya mama jadiin gagang spatula? kalo ga rela mulai besok mama ga akan masak lagi ;l
"kayanya setelah tau si cowo tunangan sama cew lain dia jadi ngarep, mngkin karena ""skrg udh lama ga ad chat""";l
beda prinsip fundamental hidup aku suka mi goreng dia suka mi goreng yang dikasih kuah;l
sampe sekarang gue masih parno keluar dari kamar mandi, soalnya waktu itu pernah keluar dari kamar mandi trus dipalak duit 2000;l
sama nder, barusan aku ngubur miyung mati yg kejepit ditumpukan kayu, karena kayanya udh skitar 2 harian mati nya dan udah berbau jadi langsung tak kubur.;l
semoga yang dikarantina dinyatakan baik-baik saja dan bisa segera pulang bertemu dengan keluarga masing-masing;l
auto jadi bahan ghibahan di grup wa dosen, fakultas, senat akademi;l
kuliah s1 perawat 4 taun ples ners 2 taun;l
makin pusing dah anak teknik yang semester 9-10 baru lulus;l
kalo kaya gitu fakboi terus ini apa? fakboi balita gitu? mau ngapel cewe balita yang diapelin eh bentar ya aku ganti pampers dulu yaa udah penuh ini ;l
hangout nya ke mbak2 yg jualan bubur nasi tim, sarapan bareng;l
supir gerobak sapi sebutannya...jangan dibawa ke kampus nanti dikatain..;l
kamu boleh pakai jilbab dengan syarat: silahkan coret nama di kk ya mas dan jangan pernah anggap kami keluarga pesan ayah;l
temen yang pinjem barang tapi pas udh dibalikin dan mau dipake malah rusak dan dengan entengnya bilang pas gue pake tadi ga begini kok;l
#malamminggu pentingnya mengenali pasangan anda sebelum anda menikahinya. yg waktu ketemuan sifatnya baik, beneran baik atau cuma kedok? perhatikanlah. anak2 tidak bisa memilih ayah/ibu yg baik, tp kita bisa memilih pasangan yg baik yg supaya menjadi orang tua yg baik.;l
ganti ke windows 8.1 aja klo gt, naik satu level, untuk laptop2 tua yg ram nya 2-4 gb pake windows 10 krasa lemotnya. jd kalo mau pake win 10 min ram 4gb kalo yg speknya emng pas2an bisa ke win 8 atau ttep di win 7 asalkan rajin update dayabase antivirusnya;l
kapok go food pas jam makan siang di warung ss jalan ky mojo nunggu sejam makanan belom jadi;l
follow @assfess terus mention akunnya @assfess tambah #quotesit ditweet yg mau dibikin quote image;l
tapi... itu udah termasuk suudzon;l
Iguana yg tidak punya harha diri dihadapan kocheng putehh ;l
ini orang cara kerja otaknya gimana sih?;l
"ciri-ciri fakboy ""aku sayang kamu lebih dari kamu aayang aku"", ""aku gak mau jahat berkepanjangan sama kamu"", ""sebenernya aku udah punya pacar"" katanya sayang kok jahat, udah tau punya pacar malah golek wedokan liyo. ncen garangan og, rasah sedih nder iseh akeh sik luwih apik";l
iya bisa liat ketentuan2 golongan ukt tahun lalu atau tahun2 sebelumnya ada berapa golongan dan tiap golongan spp nya berapa harusnya bksa dilihat;l
beli di @KFCINDONESIA aja;l
emang waktu beli alat di apotik dia bilang/mintany apa ke apotekernya;l
hawanya emang kelihatan singup, tua sebaiknya setiap mau pilih hotel cek foto2ny dan reviewnya biasany kalo udh ad yg review jelek/kotor bakal saya hindari meskipun dr segi jarak lebih dekat;l
pinter banget dah jawabnya Face with tears of joyFace with tears of joy;l
Ya Ampun dapet kompensasi hehe;l
suka menuntut hak dan kewajiban kepada pemerintah tapi hak kewajibannya sebagai mahasiswa, sebagai anggota di tugas kelompok aja ga dilaksanakan.;l
semoga dpt solusi penyelesaian yg win win solution ya para mahasiswanya, mungkin bagi para siswa siswi SMA/SMK penting ya semacam edukasi memilih perguruan tinggi yg bagus itu seperti apa sekalipun itu swasta/perguruan tinggi kecil yg isinya cm bbrapa prodi aja.;l
akun hijrah hijrah dari mantan ke gebetan baru;l
vote for hp Intel celeron N4205U prosesor lbh baru, clock speed lbh tinggi;l
ga kebayang pas lagi di toilet lantai ini muter, trs dr lantai atas eh si anu lg boker tuh, idih gilak ga sih maluny kaya apa ada juga yg lagi sholat dhuhur tuh ini lantai bergerak pindah sudut lhah kampret kiblatny berubah anying padahal udh rakaat akhir;l
anak bidik misi yg hedon tugas kelompok cm titip nama aktivis tp jarang masuk kelas, di bascamp nyepik2 mhsswi cew sampe malem politik kampus yg di monopoli sama partai trtntu ospek penuh drama ga mendidik dosen ngasih tugas dgn alasan biar mandiri padahal males ngajar;l
kampus mana nder? kalo dulu emang bnyk kaya gini model jual ijazah, cm setelah ada aturan dan administrasi terintegrasi di sistem pddikti/forlap dikti akhorny banyak yg berbenah, apalagi nomor ijazah skrg bsa divalidasi keasliannya di SiVil ristekdikti https://ijazah.ristekdikti.go.id;l
kalo bener udh 6 taun tapi masih ilegal ga punya izin pendirian, akreditasi ga ada itu sih kebangetan penyelenggara kampusnya nder, skrg prodi blm punya izin belum boleh buka pendaftaran mhs baru nder, dan setelah punya mhsw kudu ngajukan akreditasi sblm angkatan pertama lulus;l
Udah verval dan udah disetujui tapi tetep gk bisa;l
Aku verval dulu, soalnya pas coba registrasi gk bisa;l
Sama Loudly crying face;l
Semingguan dan sampe sekarang masih belum bisa registrasi Loudly crying faceLoudly crying face;l
Aku juga gini;l
Punyaku juga udah disetujui tapi tetep gk bisa registrasi masa Loudly crying face;l
Face with tears of joyFace with tears of joy;l
Sama w juga 2000 an;l
Biar gak ada yang nyontek #Gosip90an;l
Pernah dong wkwk;l
Lebih bagus ruang guru atau quipper? Mau daftar juga soalnya;l
Lah, wkwkw Face with tears of joy;l
Fb min;l
Kopterheli?;l
Bisa, gw juga dari jurusan Bahasa;l
Aku malah lebih deket sama temenku yang beda kelas;l
Apakabar gw yang dapet 48 Tired face;l
Salah kampus salah jurusan Disappointed face;l
Squidward wkwk;l
Yang jadiin gue bahan gibahan sampah banget ngentot;l
Mau nanya dong boleh gk?;l
Aku dari madrasah mba terus harus gimana?;l
Kamu udah coba verif?;l
"Iya kira"" Berapa lama ya nunggunya";l
Seriusan? Dari kapan kamu verval nya?;l
Aku juga udah di acc tapi belum bisa registrasi, gimana ya?;l
Kadang kalo ketemu kucing dijalan ngerasa kasihan gitu, pengen nge-rescue mereka, tapi sekarang gak dirumah :( kalo dirumah pasti udah kubawa pulang, walaupun kucing hasil rescue ku banyak, tapi mereka layak untuk hidup enak;l
"telfon mau bahas rencana pulang ""sapine ra iso diingu nang"" ""hah pye mak?""""sapine mati"" refleks kek auto pengen ngecancel jadwal pulang. yg sabar ya pak bu, waiting money insyaallah semoga cepet cair, biar gak nyusahin terus.";l
aku bangga pada diriku, karena bisa sarapan roti pagi ini, biasanya nggak :) selama 2 bulan kerja baru sarapan 1 kali :);l
yuk minggu depan insecure :v;l
dan ini yg gua rasain sekarang;l
halo mutual akuu, makasih ya semangatnyaaa;l
semua orang layak buat dikangenin;l
jadilah pribadi yang jujur dan pribadi yang baik, nanti masalah jodoh pasti sesuai sama pribadimu - Bapak ketika membahas jodoh;l
3 minggu setelah minggu depan, setelah sekian lama fast respon, akhirnya merasakan slowrespon;l
keknya nanti habis latsar aku auto jadi akhi akhi :);l
anjayyy, generasi baru dah pamer pamer IP :v;l
akhirnya disemangatin :);l
tadi pagi, gak tau kenapa biasanya gak sarapan fine fine aja, eh tadi laper banget. eh pas bgt ada wepe, terus sama wepenya disemprot, auto kenyang :);l
Game ini mengajarkan untuk jangan meninggalkan teman kita sendirian, karena bisa menyebabkan kematian;l
bentar lg pengumuman seksi yaaaay;l
"""reky nih auto x10, dah lah ky x10 aja"" ya pengennya sih gitu, tapi ini kakap sama kasi, maunya gimana?";l
Cumi, gurita dan sejenisnya aku pasti gak suka :) soalnya pernah mual terus mau muntah gitu. Terus trauma :);l
kita gak bisa untuk menyuruh orang stay di kita, karena orang lain punya kesibukan lain yang mungkin jauh lebih penting dari kita;l
kalo kamu bukan siapa siapanya, jangan berani ngejudge, takutnya apa yg kamu judge, sama apa yang sesungguhnya beda sebenarnya, kan malu banget gak sih, dianya gak kenapa kenapa kamu dapat dosa.;l
maaf kalo gak suka hehe, namanya juga hidup kan, ada orang yang gak suka dijudge, semakin dewasa harusnya bisa mikir apa yang sedang kita lakukan bener atau nggak, terus sesuai kenyataan atau nggak;l
ada yang ditunggu tapi bukan waktu;l
Manager Keuangan :) Sekarang......;l
Tadi tiba tiba kangen rumah, ngelamun di rooftop, terus telfon. Telfonpun bahas yg gak penting, kek kucingku lg ngapain, but kaya seru aja ngobrolinnya. Sabar ya pak bu, aa 3 bulan lg pulang;l
Makin gede, makin banyak aja kota yang dikunjungi;l
kemarin pengumuman lokasi latsar dapet Cimahi, bukannya sedih karena yg lain dapat jogja, malah kesenengan :) ya gimana ya, belom pernah ke cimahi jadi ya pengen aja. Kalo jogja udah biasa;l
tadi angkat jemuran di rooftop eh ketemu pasangan muda mudi lagi kejar kejaran di atap tetangga;l
Terngiang ngiang iklan samsung A51 sama A71 awesome screen awesome camera long lasting battery life kalo nggak S20 Ultra hmmmmmm hmmmmm hmmmmmm;l
ada yang dingin tapi bukan es;l
kejadiannya cepet banget ya za dulu, sampe aku gak sadar kalo kamu udah pergi.;l
tiba tiba keinget lagi sama Reza, udah lumayan lama ya za, udah hampir 7 tahun kita udah gak bisa sama sama.;l
Mencintai tanpa memiliki :);l
Hi muka galak, gak sia sia aku nyuci kamu dimusim hujan, sekarang kamu wangi :);l
sedih gak sih kita saling baca tweet saling ngelike juga, tapi gak ada interaksi lebih;l
ada yang ingin disampaikan tapi tidak ingin saya ketahui identitas anda? https://secreto.site/id/12101135;l
Tolonglah, kalo hujan jangan suka random gini;l
Galon bunyinya gimana?;l
Ujan ujan tiba tiba pengen mie :), mau beli malah dikasih.;l
Makan darah yang dibekuin :( Ya Allah dosaku :(;l
Gak mau lagi ah rebahan terus, kapok nanti sakit punggung, harus mulai hidup sehat :);l
kalo orang udah berumur, pasti ngerasain sakit pinggang :) semoga wp hari ini sepi;l
Wait, berarti yang pas dibintaro dulu pas dikos ada yang ketok ketok, itu bukan manusia dong wkwkwkwk;l
harus buka kitab suci, tanda ' nya bkin kesel ya Allah;l
"""tapi kan hpmu masih bagus"" Ya lu gak ngerasain njirr, gimana rasanya punya hp kentang, udah kebiasaan hidup enak";l
Kenapa sih hobi banget ngurusin hidupku :);l
Tadi dikantor, ngantuk berat, cita citaku sampe kos mau tidur. Mau tidur aja ada aja gangguanya, astagfirullah;l
Udah hampir sampe di alam mimpi, tiba tiba ada telfon, ku angkat, terus yg nelfon matiin. Janc tenan, ra mikir o;l
Udah puyeng, gak ngantuk lg kan;l
Pengen nangiss, itu ada tulisannya jilid 1 sama 2 :);l
Udah kebiasaan dari kecil kalo buat administrasi bikin apa apa selalu sendiri, eh sekali minta bantuan orang lain buat bantuin auto parno. Takut nanti salah kalo orang laij yg bikinin;l
bukan apa apa, saya pake twitter lite, jadi punten atuh teh aa;l
Bolangkuu;l
sumpah tita dari tadi ngetweet mulu, pengen ku blok :) kasihan tweet mutualku yg lain gak muncul di timelineku;l
Jadi minggu lalu random banget ngobrol sama mereka, mulai dari kehidupan dunia kerja, dunia percintaan, sampai mimpi mimpi dimasa depan;l
Lanjut, habis itu kita bahas mengenai investasi saham, udah deh. Random bgt sih ngetik kek gini, tapi emang makin gede jangan cuma main main terus yg dipikir, pengelolaan finansial, investasi dan lainnya;l
Oh iya, sama jangan gedein gengsi, emang iphone 11, samsung note 10 menggoda, tapi kalo kita ngikutin gengsi tanpa menggunakannya untuk hal yg jauh lebih berguna. Semuanya sia siaa;l
Yang buruk akan selalu teringat, sebab buruklah yang akan selalu membawa kita menuju sesuatu yang baik dan membuat kita menjadi lebih baik pula, jika kita tak hanya melihat sesuatu hal dari satu sisi saja #PenjagaAmanah #DriverJempolan #NKCTDG #NKCTHIxGojek;l
Orang orang pada mandi lama kegiatannya ngapain aja sih? Ada kuliahnya juga?;l
pulang kerja > cape > niat habis isya' langsung tidur > habis isya' gak tidur tidur > begadang kan taii;l
Ngakak astagfirullah;l
Cita citaku nanti kalo udah punya rumah sendiri, pengen rescue kucing, gak mau beli kucing, pengen rescue aja, masih banyak kucing yg kurang beruntung di mana manaa;l
Jum'at sore vs Senin Pagi;l
semua orang punya cita cita masing - masing mau nikah kek apa, jadi yaudah, kenapa diributin?;l
kenapa senin cepet banget sih Sleepy face;l
"Teh Lisa said ""Rek ini dimakan ya, soalnya di Subang gak ada McD"" Dibeliin dari Purwakarta dongCrying face";l
Jiwa perfeksionisku meronta rontaa;l
kenapa sih? kek semua yg dilakukan Nia Ramadhani kek wah gitu, please lah, kesel anjirrr;l
Ada ya kaya gini, astagaa ngakak;l
Emang asyu temen temen kek gini tuh;l
tadi adik jauhku yg di Siantar curhat tentang masalahnya. sedih banget gak bisa disamping dia buat dukung dia;l
kadang suka iri, kalo liat adek sama kakak berantem Crying face;l
Gua dibully terus, males banget kalo inget ini;l
waiting for friday Loudly crying face;l
Playlist berbentuk Wallpaper;l
"""berapa ratus juta kali saya bilang sama kamu? ya saya seneng lah Ferdi nikah sama Rahmi""- Ibu Mertua Jahad Ya Allah jauhkan hamba dari Ibu Mertua jahad Neutral face";l
Ada yang mau nyoba nanya di secretoku? Ada nih linknya http://bit.ly/3atwGut silahkan berdiskusi dengan baik yaa;l
Kalau kamu cari yang ganteng. Aku mundur buat cari siomay aja, laper;l
Semoga lancar untuk hari Jum'atnya. Mohon doanya ya sahabat twitter;l
Jika seorang insan mencintai lawan jenisnya namun keduanya tidak menemukan titik temu, maka jawabannya adalah bukan untuk saling berjodoh;l
Pingin berkata kasar tp kalau ngomong kasar bibirku nggak cocok :(;l
Ada yang mau ngaji bareng?;l
Oke saya kembali di twitter. Mohon maaf jika masih banyak salah ????;l
Okeey saya mau offline dari twittet teman-teman. Mohon maaf jika banyak salah kata dan ucap ???? pamit;l
Kamu bisa memotivasi orang tapi kamu sendirilah yang sebenarnya mengalami kesusahan;l
Mau bilang jgn terlalu ngefans berelebihan sama org. Tp sepertinya aku salah tempat kalau bilang di sini ._.;l
Semangaat kamuu! Kamu yang nggak tau buat siapa :(;l
"""Merekalah yang mendapat petunjuk Tuhannya, dan mereka itulah orang-orang yang beruntung"" - Al Baqoroh : 5 Maaf masih banyak keliru dan tidak merdu dalam melantunkan ayat sucinya :( Intinya jangan lupa satu ayat satu ayat cicil tiap hari. Semangat untuk kita semua yaa";l
Semangat Hari Minggu nitizen! #terciduk;l
Ke kampus hujan, bensin habis, tidak ada dosen, pulang basah, semoga berkah #SelasaSambat;l
Jadikan masa lalu sebagai rentetan peristiwa yang kamu abadikan bukan dijadikan sebagai kesalahan. Dan aku akan selalu mendo'akanmu untuk setiap langkah kehidupan yang kamu pilih. Kamu wanita hebat #PesanUntukMantan;l
Buat kalian yang bersedih, ayo bangkit! Kalian orang yang kuat, diuji lewat kesedihan, kelak diberikan kebahagiaan lebih. Believe Allah SWT. Semangatt! #JumatBerkah;l
Nggak tau kenapa, tiap hari bawaannya rindu terus. Buka wattpad, nulis, terus ngebayangin kalau dia nemenin disebelah. Tapi udah nggak ada ikatan #malamjumat;l
Namun ada kalanya pendapat orang lain adalah salah satu petunjuk yang diberikan Tuhan untuk mencapai sebuah kebahagiaan;l
Tinggalkan, lupakan, balikan ehem;l
Dan semoga Tuhan memberikan yang terbaik daripada yang dikehendaki manusia sebelumnya;l
Semangat pejuang!;l
Yang nanya akun wp. Ini yaa, selamat mengapresiasi bacaan saya dan terimakasih banyaaak ????;l
Nyambung kok. Tapi lama lama konsleting;l
Pengucapannya tidak cocok dengan wajah yang berkumis :(;l
Diriku sudah tidak pernah merasakan apa itu libur uasbn dll;l
Tobat nder. Mungkin kamu disuruh stop;l
Mati ingat sakit Ingatlah saat kau sulit;l
Hbd. Selamat memperpendek umur!;l
Aku nggak tahannya sama kecerahan dan kemurnian hatinya dia nder;l
Bakar aja udah!;l
Apakah dikau pernah keluar negeri? Atau kontak dgn org asing dari luar negeri? Pembawa virus saat ini banyak dari WNA bukan dari dalam. Kecuali ente pernah perjalanan ke luar negeri beberapa waktu belakangan. Pesenku, jgn berfikiran negatif. Imunmu tambah down kalau gitu;l
Baik aman tentram istimewa pokoknya. Sini main;l
Mantab. Ayo rangkulan;l
Memanfaatkan kesempitan dalam kesempatan;l
Ya solusinya yg sehat harus ngalah mbak. Tdk boleh menimbun masker banyak. Fokus untuk tenaga medis dan yang sedang mengalami musibah sakit, apapun sakitnya. Dan perlu diketahui adanya stok saat ini ada yg diambil dari luar negeri juga. PMI juga sedang mengusahakan adanya masker;l
Selamat hari burung babang cilok!;l
Halo yang mau ke jogja. Enjoy yaaa. Selamat berbelanja dgn budget yg aman nyaman bagi uang saku. Di Jogja ramah. Pakai pakaian yg enjoy aja asal jgn telanjang aja;l
Ketika jalan hidup masing masing sudah diputuskan individunya maka orang lain harus menghormatinya. Jika merasa bahwa itu salah maka tegurlah dengan sopan tapi jika itu membuat dia nyaman maka persilahkanlah untuk melakukannya tanpa bersuudzon ria;l
Nah kan mulai paranoid. Hati hati lohhh. Itu bikin sistem imun lu drop juga. Imun drop jadi sasaran penyakit;l
Diriku mengajak kalian juga untuk mengkonsumsi rempah. Bisa dibuat minum kek sereh, kunyit, jahe, kunir, dan lain sebagainya atau bisa dijadikan masakan. Itu menaikkan imunitas guys. Serius, seger banget setelah konsumsi itu. Apalagi dimix sereh, jahe, sama kunyit jadiin minum;l
Pergabutan massal di twitter bang. Tlg jangan masuk twitter lagi nanti anda ikutan mereka;l
Lu bukan customer ojol kan? Yaudah ngikut sama yg ikhlas jemput elu;l
Blm sah udah ke depan Ka'bah berduaan;l
Olahraga ringan bisa btw jika km merasa terus terpojokkan oleh omongan itu. But tujuan ibu baik sih sebenernya, agar anaknya tidak mengalami hal yg kurang mengenakkan dikesehatan pada masa tua. Jadikan hal positif aja sih, anggap aja itu kebaikan dan pengingat;l
Masih jaman punya dendam dan benci? Lebih baik stay cool dan let it flow aja tanpa harus punya ras iri dengki;l
Yaudah kalau udah comfort zonenya udud ya biarin aja. Tp kalau kmnya kurang nyaman ya ganti aja. Selow ae;l
Hijab itu batas. Jilbab itu penutup. Kalau ada yang komen gitu mending di iyain aja deh biar kelar daripada ditanggapin terus naik pitam malah cuma dpt mudorotnya doang;l
Cari yang berkualitas dan sholeh intinya. Kualitas dalam ibadah dan akhlaq;l
Ya belajar di bimbel nder. Kalau nggak sering ketemu sama temen yg pandai sastra inggris;l
Padahal kebanyakan hasil dari cinta tiktok itu adalah rekayasa yg diskenario aja atau hanya hal sebelum terjadinya sebuah perpisahan di waktu remaja. Percayalah itu :);l
Harus ditingkatkan lagi :) Semangati diriku kawan-kawan;l
Belom sesuai yang diharapkan. Terima kasih untuk Tes Diagnosis UTBK @zeniuseducation yang menyadarkan bahwa harus belajar lebih giat lagi. Yuk bisa yuk #Pejuang2020;l
Ya kan nti gw jd kepala museum;l
Setauku didalemnya ada warga AS nah itu yg ngebuat AS geram sama jerman. Pas itu AS sama Jerman itu mitra dagang. Kabarnya lusitania jg ngebawa amunis perang inggris cmiiw;l
Ali dan Bujang di serial Bumi dan Pulang;l
Ungkapin aja biar lega bor;l
WOWW, ada Monalisa sama The Last Supper. Td pgn kesini, tp kecapean gara2 atletik. Kasih rate dong, ada penjelasan kan ttg lukisannya?;l
Siapa tuh?ini kapan anjrit;l
Bsok, katanya sih di perpanjang jg;l
Sehari 2 bab, trsrh mau mapel aja;l
Udh dibilang filsafat aje;l
Itu mah situ doang, saya kgk;l
Gk mungkin klo sama dia;l
Jadi saling nikung gk nih? @retrorizme;l
Iya nih, jarang nyatet, gk pernah nyatet malah wkwkwk;l
Susah ajg, gk susah amat sih;l
Beloman bor, ini baru mau ngerjain;l
Liat contoh puisi buat bsok lomba;l
Ashura kalo di mitologi Jepang malah yg jahat, Indra yang baik. Klo di Naruto, itu dibalik sama Kishimoto.;l
Lemah bgst;l
Temanku bucin skrg;l
Apakah Monas merupakan phalus ? Sebuah objek yang menyerupai alat kelamin pria yang sedang ereksi ? Yang menggambarkan bahwa Soekarno adalah seorang flamboyan. Apakah itu benar ?;l
Nyebar paham radikal sih ;l
Di Asian Games 2018 kemaren bersatu dalam 1 bendera, sampe perwakilan pejabat saling berpegang tangan;l
Sambit temen baru di twitter, akhirnya bikin jg @FitriUt96597970 @sayyidhb1 @yemimaandria;l
Gk ah, malah gw dapet banyak ilmu di twitter;l
Apa padanan/serapan bahasa indonesia dari kata assist dari sepak bola @ivanlanin;l
Liat sumbernya :);l
Udh diganti @AyatollahFC;l
Guru” pada ga masuk gegara hujan, giliran muridnya gaboleh Face with symbols over mouth;l
pusing sekali kenapa guru di sma aku mulutnya suka gibah semua;l
Ada dan dia itu aku wkwk. Ga ko soalnya aku belajar sendiri di rumah jadi gaada nilai jelek di rapot;l
sialan ternyata digibahin guru selama 3 hari ga masuk kemarin;l
Please hujan bertahan sampe jam 9 Frowning face;l
abis lebaran Star-struck Grinning face Hocho;l
Pernah, asalnya seminggu tapi pas pulang sekolah sehabis disita aku mohon-mohon jd dibalikin wkwk;l
gapernah liat yg sebagus ini Disappointed face https://twitter.com/crystalizaal/status/1234894397117911040;l
HBD yaa Partying faceStar-struck;l
dari senin udh ga sekolah, besok mau sekolah TAPI TIBA” MUNCUL ALERGI;l
Mulai besok aku gaakan bawa buku paket, malu kali tiap ke sekolah tas kaya mau pindah rumah;l
jujur malu ketemu wali kelas Crying face total absen kayanya 20;l
Minggu depan libur 12 hari Partying face;l
BENER BANGET SUMPAH GA NYAMAN;l
Lucu, bagi dong;l
KENAPA PARFUM DISITA;l
Itu apaa? Kue cubit?;l
Kokumi tentu saja;l
Serem banget di rs ada nenek” jatoh di eskalator :( untung gapap;l
Bandung gajelas, sekarang panas banget tar sore hujan Pensive face;l
Nah ini, kayanya emang kewaspadaan temen” aku tuh gaada ato gimana sih :’) mau pake masker pasti dikatain alay;l
di ui jurusan apa kaa?;l
terus bisa dicari deh cos tan nya;l
Itu yg no 1 kan sin itu depan/miring, berarti depannya 1 miringnya 4, tinggal dicari pake phytagoras samping nya;l
kesel banget sama temen yg nularin sakit;l
Saking takutnya, gw nge-charge hp pake powerbank, padahal stop kontak ada deket Slightly smiling faceSlightly smiling face;l
Gatau aku emang penakut di kamar sendiri Loudly crying face padahal kalo siang biasa aja;l
Nge charge hp pake powerbank di kasur*;l
seru!! deg-degan sumpah;l
Tergantung dibentak siapa;l
Aku level 1 aja lumayan banyak deh;l
Caper, malu nder sama yg iph 7 ke atas;l
pengen nyobain yg dark, tapi kalo di print lebar tinta Neutral face;l
pusing demam ketularan temen Pensive face mau belajar pts gabisa huhu;l
zen & quipper Persevering face rg terlalu lama menurutku dan jadi bingung soalnya ga to the point;l
Aku pake rg quipper zen Rolling on the floor laughing;l
Aku sukanya dimakan polos Persevering face ga pake apa-apa;l
HUA @edcfess2 jadi keren;l
pusing ngeliat tl pada berantem gegara youtube :(;l
ya x itu x nya dibaca apa sih? Sering nemu soalnya Thinking face ;l
Kirim di bdgfess coba nder;l
Kayanya aku terakhir denger itu 2018 Pleading face;l
Yg red velvet enak sih tapi kemanisan Pensive face;l
Wah iya xing fu tang pake itu?;l
(Baru mau bikin anak);l
jangan nakutin Pleading face;l
bagus biar sekolah bubar kalo gitu;l
Abis kelas 12 us;l
kesel udh buru-buru ke sekolah kirain telat, taunya masih sepi Slightly smiling faceSlightly smiling face;l
Ke dokter Loudly crying face;l
eh aku kira atta beneran Rolling on the floor laughing;l
Kalo udh kelas akhir gt pasti dilulusin ko;l
Dulu belajar inggrisnya sendiri atau ikut lesss? Ko keren banget Loudly crying face;l
hujan, males sekolah Tired face;l
tapi di ips juga ada ngitung Frowning face;l
please ada voice season 4 Loudly crying face;l
Salfok mejanya Loudly crying face;l
Aku kira kamu ngelawak, itu boneka... ternyata beneran Face without mouth;l
kandang idaman hamster, apa daya aku dulu kandangnya yg biasa aja Disappointed face kasian sekali hamster ku menderita dulu;l
Romantic doctor 2 itu nyambung sama yg 1 ga sih?;l
Kenapa rata” drama jadi tayang di netflix ya;l
Ini tuh aku bingung yg terakhir, kenapa negara nya dihancurin?;l
ternyata barang yg disita itu dibawa pulang toh;l
Keliatan baikk bangett ayahnya Pleading facePleading face;l
11, kelas 10 masih sedikit bocah Tired face tiap hari ada mulu masalah ama temen;l
kapan aku stop membuang duit ortu ku Pleading face;l
di train to busan juga ada ga sih;l
OOH JADI DIAAA, PANTES GA ASING;l
sumpah ini pasti cacingnya berat banget buat digerakin Pensive face;l
Dengerin musik pake earphone ato nonton yt, ga belajar soalnya lebih masuk otak belajar di rumah;l
Dua-duanya gampang, asal bukan tempe Sleepy face;l
dari sekarang, tanyain dulu syarat-syaratnya apa ajaa;l
LUCU BANGET Loudly crying face;l
emang suka gitu, kadang ada yg ga minta ganti tapi ada juga yg minta ganti;l
Gakuat jalannya macet terus Face with symbols over mouth;l
Percaya deh, un smp itu lebih gampang daripada to.;l
mau pulang, gamau olahraga Frowning face;l
Selasa juga please fisika + matematika Pouting face;l
tiap ngeliat berita orang meninggal jujur takut banget.. aku gamau ortu aku ninggalin duluan Loudly crying face;l
iyaa sumpah takut banget ga siap Loudly crying face;l
Hah baru tau spotify ada liriknya;l
kaya lebih mending aku yg meninggal duluan daripada mereka Disappointed face;l
base-base lain ayo dong gini jga Pleading face https://twitter.com/aiuruto/status/1229763548789661696;l
Iya ini bener sumpah Frowning face kenapa ya bangunan inten rata” kurang bagus malah ada yg bocor dong Disappointed face;l
BENERR ini aku pernah pas smp belajr tapi sumpah ga ngerti apa apa tetep wkwk;l
Okeyy thanks buat sarannya Kissing face with closed eyes;l
pusing ngeliatnya juga Tired face;l
Sumpah dari dulu aku juga ga suka sunda Loudly crying face;l
Tentu saja, kalo masuk tar ngeganggu dong berisik;l
hah maksud ending parasite gimana sih Loudly crying face;l
puji syukur guru fisika uprakin kelas 12 Pleading facePleading face;l
38+ kalo bisa 39 karena skrng zonasi jadi kuota nem dikit banget Slightly smiling face;l
this sounds good Pleading face;l
kaya jalur undangan gitu tapi buat kelas internasional ui;l
Sumpah aku nyari” hewannya Slightly smiling face;l
6/10 enak tapi b aja ga special sama sekali;l
Jaehyun Sehun Hyunjin Minhyun V;l
AKU, pake roti+nutella, gabisa makan nasi di bawah jam 12 siang pokonya;l
kenapa sekolahku kelas 12 to ga libur Crying faceCrying faceCrying face capeq;l
kesel ya ga Crying face;l
belum nonton dilan  Crying face;l
guru aku kebanyakan dari sini;l
enak buat tidur gimana dah;l
enak tapi kaya ga kerasa strawberrynya;l
nyampe sekolah jam 7 Smiling face with open mouth;l
aku suka gini, tapi pas udh di sekolah malah enjoy sama temen”. Pas di rumah males lagi besok Slightly smiling face gitu aja berulang;l
aku asalnya mau ga masuk tapi....;l
Jangan bahas lagi please ini udh 2020 Disappointed face;l
kangen bulan desember Crying face;l
You, jujur ngantuk dari episode 1;l
kenapa kamu ngebully temen sampe ortunya dateng Tired face;l
dan yg dimainin cuman 1 Crying face worms zone;l
Itu kenapa tiktok dimasukin ke game Face without mouth;l
ooh HAHAH, iyaa lucu makanya aku beli Pensive face;l
enak aja Pouting face;l
baru tau klo kebanyakan pke tangan Pleading face aku juga pake sendok kalo nasi padang soalnya nasinya berair sama sambel gt nder;l
Itu kena colokan masih sempet foto Slightly smiling faceSlightly smiling face;l
Enak tapi aku lebih suka yg di suki-suki sih;l
tapi sumpah ko ada cacing...;l
Emng dari dulu warnanya gt deh?;l
btw aku juga tau ini dari komik miko HAHA;l
